stationName,addr,year,mangName,item,dmX,dmY
강남구,서울 강남구 학동로 426강남구청 별관 1동,1978,도시대기,"SO2, CO, O3, NO2, PM10, PM2.5",37.5175623,127.0472893
서초구,서울 서초구 신반포로15길 16반포 2동 주민센터,1982,도시대기,"SO2, CO, O3, NO2, PM10, PM2.5",37.504547,126.994611
도산대로,서울 강남구 도산대로 104신사역2번출구 앞,1995,도로변대기,"SO2, CO, O3, NO2, PM10, PM2.5",37.516083,127.019694
강남대로,서울특별시 서초구 강남대로 201서초구민회관 앞 중앙차로 (양재동),2009,도로변대기,"SO2, CO, O3, NO2, PM10, PM2.5",37.482867,127.035621
송파구,서울 송파구 백제고분로 236삼전동 주민센터 (삼전동),1984,도시대기,"SO2, CO, O3, NO2, PM10, PM2.5",37.502685,127.092385
강동구,서울 강동구 구천면로 42길 59천호1동 주민센터,1997,도시대기,"SO2, CO, O3, NO2, PM10, PM2.5",37.545089,127.136806
천호대로,서울 강동구 천호대로 1151길동사거리 강동성모요양병원 앞),2008,도로변대기,"SO2, CO, O3, NO2, PM10, PM2.5",37.534035,127.139172
금천구,서울 금천구 금하로21길 20시흥5동 주민센터,1997,도시대기,"SO2, CO, O3, NO2, PM10, PM2.5",37.452386,126.908333
시흥대로,서울 금천구 독산동 996-9한양수자인아파트 앞,2018,도로변대기,"SO2, CO, O3, NO2, PM10, PM2.5",37.474899,126.898657
강북구,서울 강북구 삼양로 139길 49우이동 주민센터,1997,도시대기,"SO2, CO, O3, NO2, PM10, PM2.5",37.64793,127.011952
양천구,서울 양천구 중앙로52길 56신정4동 문화센터,1997,도시대기,"SO2, CO, O3, NO2, PM10, PM2.5",37.523286,126.858689
노원구,서울 노원구 상계로 118상계2동 주민센터 (23길 17 노원구 원터행복발전소),1997,도시대기,"SO2, CO, O3, NO2, PM10, PM2.5",37.657415,127.067876
화랑로,서울 노원구 화랑로 429태능입구역 8번 출구,2009,도로변대기,"SO2, CO, O3, NO2, PM10, PM2.5",37.617315,127.07512
식사동,경기 고양시 일산동구 위시티로 151양일초등학교,2002,도시대기,"SO2, CO, O3, NO2, PM10, PM2.5",37.685514,126.813441
백마로(마두역),경기 고양시 일산동구 장항2동 888뉴코아백화점사거리,2004,도로변대기,"SO2, CO, O3, NO2, PM10, PM2.5",37.6545086,126.7755571
신원동,경기 고양시 덕양구 신원2로 24신원도서관,2015,도시대기,"SO2, CO, O3, NO2, PM10, PM2.5",37.666362,126.886708
주엽동,경기도 고양시 일산서구 주엽로 104주엽어린이도서관 (주엽동),2018,도시대기,"SO2, CO, O3, NO2, PM10, PM2.5",37.6683,126.7564
경안동,경기 광주시 중앙로 128농협중앙회,2006,도시대기,"SO2, CO, O3, NO2, PM10, PM2.5",37.4112,127.2579
오포읍,경기도 광주시 오포읍 오포로859번길 29오포읍 행정복지센터 옥상,2019,도시대기,"SO2, CO, O3, NO2, PM10, PM2.5",37.36615,127.22856
곤지암,경기도 광주시 곤지암읍 광여로 59곤지암읍 행정복지센터 옥상,2020,도시대기,"SO2, CO, O3, NO2, PM10, PM2.5",37.350901,127.352363
김량장동,경기 용인시 처인구 금령로 50처인구청,1999,도시대기,"SO2, CO, O3, NO2, PM10, PM2.5",37.2345,127.2014
수지,경기 용인시 수지구 수지로 342번길3풍덕천1동주민자치센터,2005,도시대기,"SO2, CO, O3, NO2, PM10, PM2.5",37.327927,127.095215
기흥,경기 용인시 기흥구 관곡로 95기흥구청,2007,도시대기,"SO2, CO, O3, NO2, PM10, PM2.5",37.280224,127.11514
중부대로(구갈동),경기 용인시 기흥구 구갈동 505-3녹십자사거리,2011,도로변대기,"SO2, CO, NO2, PM10, PM2.5",37.275324,127.113744
모현읍,경기도 용인시 처인구 모현읍 독점로 31-6모현읍주민자치센터,2019,도시대기,"SO2, CO, O3, NO2, PM10, PM2.5",37.329538,127.242271
이동읍,경기도 용인시 처인구 이동읍 경기동로 673이동읍주민자치센터,2019,도시대기,"SO2, CO, O3, NO2, PM10, PM2.5",37.1410264,127.1960051
백암면,경기도 용인시 처인구 백암면 백암로185번길 8-11백암면주민자치센터,2019,도시대기,"SO2, CO, O3, NO2, PM10, PM2.5",37.1633559,127.3747489
설성면,경기 이천시 설성면 신필리산 88-5(전파연구소 입구),2000,교외대기,"SO2, CO, O3, NO2, PM10, PM2.5",37.138467,127.54645
창전동,경기 이천시 영창로 163번길 28평생학습관 어르신쉼터,2003,도시대기,"SO2, CO, O3, NO2, PM10, PM2.5",37.2837,127.441
장호원읍,경기 이천시 장호원읍 오남리 27재래시장 공영주차장,2018,도시대기,"SO2, CO, O3, NO2, PM10, PM2.5",37.1146,127.6297
부발읍,경기도 이천시 부발읍 무촌로 117부발보건지소 옥상,2019,도시대기,"SO2, CO, O3, NO2, PM10, PM2.5",37.2832583,127.4866839
중앙로,강원 춘천시 중앙로길 135(중앙로 3가 67-1)춘천시보건소 3층 옥상,2003,도시대기,"SO2, CO, O3, NO2, PM10, PM2.5",37.8753695,127.7202223
석사동,강원 춘천시 외솔길 17(석사동 322-1)강원도 개발공사 2층 옥상,2007,도시대기,"SO2, CO, O3, NO2, PM10, PM2.5",37.8569773,127.7500616
신사우동,강원도 춘천시 사우4길 26신사우도서관 2층 옥상 (우두동),2020,도시대기,"SO2, CO, O3, NO2, PM10, PM2.5",37.905689,127.72601
온의동,강원도 춘천시 경춘로 2370온의사거리 (온의동),2020,도로변대기,"SO2, CO, O3, NO2, PM10, PM2.5",37.865638,127.718551
방산면,강원 양구군 방산면 송현1리519-2번지 방산배수지 내,2000,교외대기,"SO2, CO, O3, NO2, PM10, PM2.5",38.224433,127.958583
양구읍,강원도 양구군 양구읍 관공서로 33양구읍 측정소,2018,도시대기,"SO2, CO, O3, NO2, PM10, PM2.5",38.1092365,127.9894679
동해항,강원도 동해시 대동로 210(송정동),,항만,"SO2, CO, O3, NO2, PM10, PM2.5",37.489817,129.123223
묵호항,강원도 동해시 임항로 121해양수산사무소 옆 부지,,항만,"SO2, CO, O3, NO2, PM10, PM2.5",37.547875,129.110927
철원(DMZ),강원도 철원군 철원읍 산명리 13456사단 2연대 산명호 인근,2020,교외대기,"SO2, CO, O3, NO2, PM10, PM2.5",38.290859,127.179801
화천(DMZ),강원도 화천군 화천읍 풍산리 산2697사단 GOP 소백암소초 인근,2020,교외대기,"SO2, CO, O3, NO2, PM10, PM2.5",38.247827,127.79066
인제(DMZ),강원도 고성군 수동면 신탄리 산6번지51연대 44소초 인근,2020,교외대기,"SO2, CO, O3, NO2, PM10, PM2.5",38.389557,128.248144
고성(DMZ),강원도 고성군 수동면 외면리 산14번지22사단 56연대 19-2 통문,,교외대기,"SO2, CO, O3, NO2, PM10, PM2.5",38.566511,128.280252
광복동,부산 중구 광복로 55번길 10광복동주민센터 옥상,1985,도시대기,"SO2, CO, O3, NO2, PM10, PM2.5",35.099849,129.030344
초량동,부산 동구 중앙대로349번길 14부산진역 1번 출구(윤흥신장군 동상옆),1999,도로변대기,"SO2, CO, O3, NO2, PM10, PM2.5",35.127142,129.046701
태종대,부산 영도구 전망로 24태종대유원지관리사무소 3층,2019,도시대기,"SO2, CO, O3, NO2, PM10, PM2.5",35.063038,129.080909
청학동,부산광역시 영도구 청학남로13번길 18청학동 어울림마당 (청학동),2020,도시대기,"SO2, CO, O3, NO2, PM10, PM2.5",35.090811,129.058362
전포동,부산광역시 부산진구 전포대로209번길 26놀이마루 운동장 남편 (전포동),2019,도시대기,"SO2, CO, O3, NO2, PM10, PM2.5",35.1556258,129.063259
온천동,부산 동래구 중앙대로1335번길 38내산초등학교 동쪽 대로변 (온천동),1997,도로변대기,"SO2, CO, O3, NO2, PM10, PM2.5",35.2071463,129.076217
명장동,부산 동래구 명장로 32명장1동 주민센터 옥상,2002,도시대기,"O3, NO2, PM10, PM2.5",35.204728,129.1042
대연동,부산 남구 수영로 196번길 80부산공업고등학교 공동실습관 옥상,1983,도시대기,"SO2, CO, O3, NO2, PM10, PM2.5",35.129493,129.086128
용호동,부산광역시 남구 이기대공원로 11부산환경공단 남부사업소 북쪽 (용호동),,도시대기,"SO2, CO, O3, NO2, PM10, PM2.5",35.127969,129.115711
학장동,부산 사상구 대동로 205학장초등학교 옥상,1979,도시대기,"SO2, CO, O3, NO2, PM10, PM2.5",35.154292,128.979342
덕천동,부산 북구 덕천2길 10덕천초등학교 운동장 남쪽 화단,1992,도시대기,"SO2, CO, O3, NO2, PM10, PM2.5",35.207825,129.006080555
화명동,부산광역시 북구 용당로16번길 22장미원 (화명동),2020,도시대기,"O3, NO2, PM10, PM2.5",35.233361,129.007694
삼락동,부산광역시 사상구 모덕로 2사상가압장 앞 (삼락동),,도로변대기,"SO2, CO, O3, NO2, PM10, PM2.5",35.182831,128.976359
청룡동,부산 금정구 청룡로 25청룡노포동주민센터 옥상,2002,도시대기,"O3, NO2, PM10, PM2.5",35.274045,129.090793
좌동,부산 해운대구 양운로 91좌1동주민센터 옥상,2005,도시대기,"SO2, CO, O3, NO2, PM10, PM2.5",35.1708927,129.1741659
재송동,부산광역시 해운대구 센텀동로 191동부하수처리장 (재송동),2020,도시대기,"SO2, CO, O3, NO2, PM10, PM2.5",35.182668,129.118136
장림동,부산 사하구 장림로 161번길 2장림1동주민센터 옥상,1991,도시대기,"SO2, CO, O3, NO2, PM10, PM2.5",35.08298,128.9667622
대저동,부산광역시 강서구 체육공원로 43강서체육공원 (대저1동),1999,도시대기,"SO2, CO, O3, NO2, PM10, PM2.5",35.20958,128.9713671
녹산동,부산 강서구 녹산산단 382로 49번길 39부산환경공단 녹산사업소,2019,도시대기,"SO2, CO, O3, NO2, PM10, PM2.5",35.0866322,128.8639
명지동,부산광역시 강서구 명지동 3513-3봄뜰공원 (명지동),2020,도시대기,"SO2, CO, O3, NO2, PM10, PM2.5",35.105555,128.925833
연산동,부산 연제구 중앙대로 1001부산광역시청 녹음광장 창고,2018,도시대기,"SO2, CO, O3, NO2, PM10, PM2.5",35.184734,129.078112
기장읍,부산 기장군 기장읍 읍내로 69기장초등학교 옥상,1999,도시대기,"SO2, CO, O3, NO2, PM10, PM2.5",35.2460177,129.2116801
용수리,부산 기장군 정관읍 용수로 4정관읍사무소 옥상,2004,도시대기,"SO2, CO, O3, NO2, PM10, PM2.5",35.325306,129.178434
수정동,부산 동구 구청로 1동구청 지상,2017,도시대기,"SO2, CO, O3, NO2, PM10, PM2.5",35.139059,129.056923
부곡동,부산 금정구 부곡로156번길 7부곡2동 주민센터 옥상 (부곡동),2000,도시대기,"SO2, CO, O3, NO2, PM10, PM2.5",35.2297487,129.09266
회동동,부산광역시 금정구 금사로 217회동마루 (회동동),2020,도시대기,"SO2, CO, O3, NO2, PM10, PM2.5",35.230188,129.120586
광안동,부산 수영구 광안로21번가길 57한바다중학교 옥상,2017,도시대기,"O3, NO2, PM10, PM2.5",35.152309,129.108101
대신동,부산 서구 대신로 150부산국민체육센터 옥상,2012,도시대기,"SO2, CO, O3, NO2, PM10, PM2.5",35.114404,129.017251
덕포동,부산 사상구 삼덕로 83덕포초등학교 운동장 북서쪽 화단 (덕포동),2018,도시대기,"SO2, CO, O3, NO2, PM10, PM2.5",35.173784,128.986052
개금동,부산광역시 부산진구 개금온정로17번길 51개금3동 어린이놀이터 지상 (개금동),2019,도시대기,"SO2, CO, O3, NO2, PM10, PM2.5",35.1552633,129.0225679
당리동,부산 사하구 제석로 41낙동초등학교 운동장 동편 화단 (당리동),2019,도시대기,"SO2, CO, O3, NO2, PM10, PM2.5",35.1055484,128.972983
부산북항,부산 동구 충장대로 314자성대부두(관공선부두) 내 (좌천동),2017,도로변대기,"SO2, CO, O3, NO2, PM10, PM2.5",35.122677,129.055411
부산신항,부산 강서구 신항남로 416부산신항다목적터미널(주) 본관 옥상 (성북동),2017,도로변대기,"SO2, CO, O3, NO2, PM10, PM2.5",35.074896,128.834169
부산항,부산광역시 강서구 신항남로 354부산신항만 내 (성북동) (실주소 : 경남 창원시 진해구 신항로 434(안골동)),2020,항만,"SO2, CO, O3, NO2, PM10, PM2.5",35.077711,128.784773
회원동,경남 창원시 마산회원구 회원동 11번길 7(회원1동 주민센터),1993,도시대기,"SO2, CO, O3, NO2, PM10, PM2.5",35.21815,128.57425
관인면,경기 포천시 관인면사정리 140,2001,교외대기,"SO2, CO, O3, NO2, PM10, PM2.5",38.123833,127.25235
선단동,경기 포천시 삼육사로 2186번길 11-15선단보건지소,2004,도시대기,"SO2, CO, O3, NO2, PM10, PM2.5",37.8535,127.1592
일동면,경기도 포천시 일동면 화동로1099번길 30일동면행정복지센터,2017,도시대기,"SO2, CO, O3, NO2, PM10, PM2.5",37.9613,127.3171
사우동,경기 김포시 돌문로 51사우동행정복지센터,1999,도시대기,"SO2, CO, O3, NO2, PM10, PM2.5",37.619335,126.716748
고촌읍,경기 김포시 고촌읍 신곡로 152김포시상하수도사업소,2001,도시대기,"SO2, CO, O3, NO2, PM10, PM2.5",37.606724,126.762831
월곶면,경기도 김포시 월곶면 군하로 263월곶면 주민자치센터 옥상,2001,도시대기,"SO2, CO, O3, NO2, PM10, PM2.5",37.7151,126.5526
한강신도시,경기 김포시 양촌읍 양곡2로30번길 46김포독립운동기념관 옥상,2019,도시대기,"SO2, CO, O3, NO2, PM10, PM2.5",37.6532578,126.6292725
한강로,경기도 김포시 김포한강2로24번길 93한강로사거리 (장기동),2020,도로변대기,"SO2, CO, O3, NO2, PM10, PM2.5",37.649034,126.675064
당동,경기 군포시 산본로197번길 36당동도서관,1997,도시대기,"SO2, CO, O3, NO2, PM10, PM2.5",37.3536806,126.9449892
산본동,경기 군포시 청백리길 6군포시청 별관,2002,도시대기,"SO2, CO, O3, NO2, PM10, PM2.5",37.3612,126.9362
오산동,경기 오산시 경기동로 51오산고용복지플러스센터,2000,도시대기,"SO2, CO, O3, NO2, PM10, PM2.5",37.1591,127.0771
금암로(신장동),경기도 오산시 금암로 7(금암동 542-14),2019,도로변대기,"SO2, CO, O3, NO2, PM10, PM2.5",37.1710811,127.052049
신장동,경기 하남시 대청로 10하남시청 종합민원실,2001,도시대기,"SO2, CO, O3, NO2, PM10, PM2.5",37.539109,127.214608
미사,경기도 하남시 아리수로 531미사2동 행정복지센터 (망월동),2020,도시대기,"SO2, CO, O3, NO2, PM10, PM2.5",37.567014,127.186023
남양읍,경기 화성시 남양읍 남양성지로 192-5남양읍행정복지센터,2003,도시대기,"SO2, CO, O3, NO2, PM10, PM2.5",37.211479,126.824001
향남읍,경기 화성시 향남읍 발안로 89향남읍 행정복지센터,2004,도시대기,"SO2, CO, O3, NO2, PM10, PM2.5",37.132356,126.920186
동탄,경기 화성시 동탄반석로 87동탄2동 행정복지센터,2008,도시대기,"SO2, CO, O3, NO2, PM10, PM2.5",37.196921,127.0723
우정읍,경기도 화성시 우정읍 쌍봉로 109-14우정읍 행정복지센터,2018,도시대기,"SO2, CO, O3, NO2, PM10, PM2.5",37.0898105,126.8152695
청계동,경기도 화성시 동탄순환대로22길 13예솔초등학교 (청계동),2018,도시대기,"SO2, CO, O3, NO2, PM10, PM2.5",37.1965,127.1194
새솔동,경기도 화성시 수노을중앙로 178새솔동 행정복지센터 (새솔동),2020,도시대기,"SO2, CO, O3, NO2, PM10, PM2.5",37.2814,126.8188
봉담읍,경기도 화성시 봉담읍 샘마을1길 8-4화성시립봉담도서관 옥상,2020,도시대기,"SO2, CO, O3, NO2, PM10, PM2.5",37.219282,126.949062
서신면,경기도 화성시 서신면 궁평항로 1702서신면사무소 옥상,2020,도시대기,"SO2, CO, O3, NO2, PM10, PM2.5",37.166203,126.708965
백석읍,경기 양주시 백석읍 꿈나무로 199꿈나무도서관,2005,도시대기,"SO2, CO, O3, NO2, PM10, PM2.5",37.79239,126.987168
고읍,경기 양주시 고읍남로 205청소년문화의 집,2017,도시대기,"SO2, CO, O3, NO2, PM10, PM2.5",37.7919,127.0847
보산동,경기 동두천시 싸리말로 28보산동행정복지센터,2006,도시대기,"SO2, CO, O3, NO2, PM10, PM2.5",37.917603,127.061291
봉산동,경기 안성시 시청길 25안성시청 식당동,2007,도시대기,"SO2, CO, O3, NO2, PM10, PM2.5",37.007863,127.279856
공도읍,경기도 안성시 공도읍 공도4로 8공도읍행정복지센터 옥상,2019,도시대기,"SO2, CO, O3, NO2, PM10, PM2.5",37.0010225,127.1724925
죽산면,경기도 안성시 죽산면 남부길 60동안성시민복지센터 옥상,2020,도시대기,"SO2, CO, O3, NO2, PM10, PM2.5",37.0746,127.4244
중앙동(경기),경기 여주시 여흥로11번길 26중앙동행정복지센터,2010,도시대기,"SO2, CO, O3, NO2, PM10, PM2.5",37.298663,127.628936
대신면,경기도 여주시 대신면 율촌1길 12-10대신도서관 옥상,2019,도시대기,"SO2, CO, O3, NO2, PM10, PM2.5",37.3715,127.5845
가남읍,경기도 여주시 가남읍 태평중앙1길 20가남읍행정복지센터 옥상,2020,도시대기,"SO2, CO, O3, NO2, PM10, PM2.5",37.201739,127.545135
연천,경기 연천군 연천읍 차현로 58연천군청 지역경제과,2010,도시대기,"SO2, CO, O3, NO2, PM10, PM2.5",38.0964,127.0763
가평,경기도 가평군 가평읍 석봉로 181가평군청 의회동,2010,도시대기,"SO2, CO, O3, NO2, PM10, PM2.5",37.831217,127.509769
설악면,경기도 가평군 설악면 한서로 8설악면 문화센터 옥상,2020,도시대기,"SO2, CO, O3, NO2, PM10, PM2.5",37.676245,127.494701
용문면,경기 양평군 용문면 용문로 395용문도서관,2010,도시대기,"SO2, CO, O3, NO2, PM10, PM2.5",37.4872543,127.5962101
양평읍,경기도 양평군 양평읍 마유산로 17양평군보건소 옥상,2020,도시대기,"SO2, CO, O3, NO2, PM10, PM2.5",37.496975,127.486659
연천(DMZ),경기 연천군 중면 횡산리 산108-128사단 태풍전망대 인근,2020,교외대기,"SO2, CO, O3, NO2, PM10, PM2.5",38.129569,126.973711
신풍동,경기 수원시 팔달구 신풍로 23번길 68선경도서관,1986,도시대기,"SO2, CO, O3, NO2, PM10, PM2.5",37.283798,127.010472
인계동,경기 수원시 팔달구 효원로 241수원시청,1987,도시대기,"SO2, CO, O3, NO2, PM10, PM2.5",37.26334,127.02863
광교동,경기도 수원시 영통구 광교중앙로 216광교중앙공원 관리동 옥상 (하동),1992,도시대기,"SO2, CO, O3, NO2, PM10, PM2.5",37.29083,127.064092
영통동,경기 수원시 영통구 영통로 217번길 12영통2동 행정복지센터,2001,도시대기,"SO2, CO, O3, NO2, PM10, PM2.5",37.246927,127.056315
천천동,경기 수원시 장안구 서부로 2066성균관대학교 제2공학관,2003,도시대기,"SO2, CO, O3, NO2, PM10, PM2.5",37.292756,126.975303
경수대로(동수원),경기 수원시 팔달구 인계동 1047동수원사거리,2004,도로변대기,"SO2, CO, O3, NO2, PM10, PM2.5",37.2778,127.0306
고색동,경기 수원시 권선구 서부로 1600수원시도로교통관리사업소,2006,도시대기,"SO2, CO, O3, NO2, PM10, PM2.5",37.252226,126.976304
호매실동,경기도 수원시 권선구 칠보로 161호매실동 행정복지센터 (호매실동),2013,도시대기,"SO2, CO, O3, NO2, PM10, PM2.5",37.2661,126.9568
대왕판교로(백현동),경기 성남시 분당구 판교동 652-1백현1교차로,2011,도로변대기,"SO2, CO, O3, NO2, PM10, PM2.5",37.3825762,127.1027442
단대동,경기 성남시 수정구 희망로 506번길 21단대동행정복지센터,1993,도시대기,"SO2, CO, O3, NO2, PM10, PM2.5",37.449479,127.155512
정자동,경기 성남시 분당구 돌마로 242정자3동행정복지센터,1998,도시대기,"SO2, CO, O3, NO2, PM10, PM2.5",37.36078,127.11933
수내동,경기 성남시 분당구 분당로 50분당구청,2003,도시대기,"SO2, CO, O3, NO2, PM10, PM2.5",37.382662,127.119103
성남대로(모란역),경기 성남시 수정구 성남대로 1229모란역사거리,2004,도로변대기,"SO2, CO, O3, NO2, PM10, PM2.5",37.4339,127.1293
복정동,경기 성남시 수정구 성남대로 1416번길 22복정정수장,2005,도시대기,"SO2, CO, O3, NO2, PM10, PM2.5",37.4563598,127.1304652
운중동,경기 성남시 분당구 운중로 138번길 10운중동행정복지센터,2009,도시대기,"SO2, CO, O3, NO2, PM10, PM2.5",37.390588,127.077838
상대원동,경기 성남시 중원구 둔촌대로 425상대원1동행정복지센터,2008,도시대기,"SO2, CO, O3, NO2, PM10, PM2.5",37.433169,127.164372
의정부동,경기 의정부시 범골로 138경기도도로사업소,1994,도시대기,"SO2, CO, O3, NO2, PM10, PM2.5",37.735582,127.040421
의정부1동,경기 의정부시 가능로152번길 14의정부1동 주민센터,2002,도시대기,"SO2, CO, O3, NO2, PM10, PM2.5",37.746355,127.047652
송산3동,경기도 의정부시 민락로243번길 94푸른마당 근린공원 인근 연결녹지(송양유치원과 민락천 사이) (민락동),2020,도시대기,"SO2, CO, O3, NO2, PM10, PM2.5",37.7481,127.106
안양8동,경기도 안양시 만안구 문예로36번길 16안양아트센터 옥상 (안양동),1993,도시대기,"SO2, CO, O3, NO2, PM10, PM2.5",37.384904,126.931247
부림동,경기 안양시 동안구 시민대로 235안양시청 민원실,1998,도시대기,"SO2, CO, O3, NO2, PM10, PM2.5",37.394327,126.956859
호계동,경기도 안양시 동안구 경수대로 504호계복합청사 옥상 (호계동),1992,도시대기,"SO2, CO, O3, NO2, PM10, PM2.5",37.367722,126.958989
안양2동,경기 안양시 만안구 안양로 384번길 50안양2동 행정복지센터,2004,도시대기,"SO2, CO, O3, NO2, PM10, PM2.5",37.4051,126.9178
철산동,경기 광명시 시청로 20광명시청 제1별관,1986,도시대기,"SO2, CO, O3, NO2, PM10, PM2.5",37.476221,126.86981
소하동,경기 광명시 소하일로 7소하도서관,1998,도시대기,"SO2, CO, O3, NO2, PM10, PM2.5",37.452158,126.884909
고잔동,경기 안산시 단원구 화랑로 387안산시청,1987,도시대기,"SO2, CO, O3, NO2, PM10, PM2.5",37.3221,126.8305
원시동,경기 안산시 단원구 산단로 112 근로복지관민주노총,1990,도시대기,"SO2, CO, O3, NO2, PM10, PM2.5",37.305255,126.788503
본오동,경기 안산시 상록구 각골길 75본오2동행정복지센터,1998,도시대기,"SO2, CO, O3, NO2, PM10, PM2.5",37.296107,126.87234
원곡동,경기도 안산시 단원구 부부로6길 17근로자운동장 (원곡동),1999,도시대기,"SO2, CO, O3, NO2, PM10, PM2.5",37.336667,126.794167
부곡동1,경기 안산시 상록구 성호로 326부곡동 행정복지센터,2001,도시대기,"SO2, CO, O3, NO2, PM10, PM2.5",37.332,126.8611
대부동,경기 안산시 단원구 대부중앙로 97-9대부동 행정복지센터,2001,도시대기,"SO2, CO, O3, NO2, PM10, PM2.5",37.2437,126.5854
호수동,경기 안산시 단원구 안산천남로 119양지중학교,2004,도시대기,"SO2, CO, O3, NO2, PM10, PM2.5",37.304889,126.833521
중앙대로(고잔동),경기 안산시 단원구 중앙대로 822안산P1펌프장,2009,도로변대기,"SO2, CO, NO2, PM10, PM2.5",37.316703,126.82792
별양동,경기 과천시 코오롱로 53문원초등학교,1991,도시대기,"SO2, CO, O3, NO2, PM10, PM2.5",37.423889,126.994512
과천동,경기 과천시 상하벌로 17과천시 환경사업소,2000,도시대기,"SO2, CO, O3, NO2, PM10, PM2.5",37.448806,127.002329
교문동,경기 구리시 아차산로 439구리시청 구리시의회,1987,도시대기,"SO2, CO, O3, NO2, PM10, PM2.5",37.594755,127.130141
동구동,경기 구리시 동구릉로 217-14시립동구어린이집,2001,도시대기,"SO2, CO, O3, NO2, PM10, PM2.5",37.6187,127.1383
부곡3동,경기도 의왕시 덕영대로 166부곡청소년문화의 집 (삼동),2002,도시대기,"SO2, CO, O3, NO2, PM10, PM2.5",37.320048,126.948907
고천동,경기 의왕시 시청로 11의왕시청 민원실,1995,도시대기,"SO2, CO, O3, NO2, PM10, PM2.5",37.3442,126.969
정왕동,경기 시흥시 정왕대로 233번길 19정왕보건지소,1995,도시대기,"SO2, CO, O3, NO2, PM10, PM2.5",37.3468,126.7401
시화산단,경기 시흥시 공단1대로 204시화유통상가 27동,1998,도시대기,"SO2, CO, O3, NO2, PM10, PM2.5",37.3367,126.7246
대야동,경기 시흥시 복지로 37다다커뮤니티센터,2002,도시대기,"SO2, CO, O3, NO2, PM10, PM2.5",37.4431,126.7884
목감동,경기도 시흥시 솔고개길 33목감공원 지상 (목감동),2019,도시대기,"SO2, CO, O3, NO2, PM10, PM2.5",37.3857,126.8619
장현동,경기도 시흥시 시청로 20미래키움어린이집 옥상 (장현동),2020,도시대기,"SO2, CO, O3, NO2, PM10, PM2.5",37.3801,126.8041
서해안로,경기도 시흥시 서해안로 277옥구공원 지상 론볼경기장 앞 (정왕동),2020,도로변대기,"SO2, CO, O3, NO2, PM10, PM2.5",37.354651,126.709878
금곡동,경기 남양주시 경춘로 1037남양주시청 신관,1999,도시대기,"SO2, CO, O3, NO2, PM10, PM2.5",37.6356,127.2162
오남읍,경기 남양주시 오남읍 진건오남로 806-34오남읍사무소,2012,도시대기,"SO2, CO, O3, NO2, PM10, PM2.5",37.698672,127.204729
별내동,경기도 남양주시 별내중앙로 148화접초등학교 (별내동),2018,도시대기,"SO2, CO, O3, NO2, PM10, PM2.5",37.652924,127.11586
화도읍,경기도 남양주시 화도읍 비룡로 59화도수동행정복지센터,2018,도시대기,"SO2, CO, O3, NO2, PM10, PM2.5",37.657822,127.300702
경춘로,경기도 남양주시 경춘로 433도농역 앞 (다산동),2019,도로변대기,"SO2, CO, O3, NO2, PM10, PM2.5",37.609158,127.163109
와부읍,경기도 남양주시 와부읍 도곡길 7덕소중학교 후관동 옥상,2020,도시대기,"SO2, CO, O3, NO2, PM10, PM2.5",37.580842,127.226766
진접읍,경기도 남양주시 진접읍 금강로 1509-26진접오남행정복지센터 옥상,2020,도시대기,"SO2, CO, O3, NO2, PM10, PM2.5",37.72627,127.189881
비전동,경기 평택시 중앙로 275자원봉사센터,1996,도시대기,"SO2, CO, O3, NO2, PM10, PM2.5",36.9913,127.1126
안중,경기 평택시 안중읍 안현로 400안중읍행정복지센터,2008,도시대기,"SO2, CO, O3, NO2, PM10, PM2.5",36.9859,126.9314
평택항,경기 평택시 포승읍 평택항로184번길 38한국산업단지공단 평택지사,2013,도시대기,"SO2, CO, O3, NO2, PM10, PM2.5",36.974605,126.84554
송북동,경기도 평택시 지산2로 113송북동행정복지센터 (지산동),2018,도시대기,"SO2, CO, O3, NO2, PM10, PM2.5",37.081564,127.060117
청북읍,경기도 평택시 청북읍 안청로2길 60청북문화센터,2019,도시대기,"SO2, CO, O3, NO2, PM10, PM2.5",37.0204,126.9182
고덕면,경기도 평택시 고덕면 고덕국제2로 111종덕초등학교 2층 옥상,2020,도시대기,"SO2, CO, O3, NO2, PM10, PM2.5",37.05311,127.046172
금촌동,경기 파주시 후곡로 13교육문화회관 별관,2004,도시대기,"SO2, CO, O3, NO2, PM10, PM2.5",37.756308,126.773898
운정,경기 파주시 와석순환로 470한국토지주택공사 파주사업본부,2012,도시대기,"SO2, CO, O3, NO2, PM10, PM2.5",37.723148,126.756434
파주,경기 파주시 군내면 통일촌길220 (장단출장소 내),2017,교외대기,"SO2, CO, O3, NO2, PM10, PM2.5",37.906227,126.73108
파주읍,경기도 파주시 파주읍 교육길 13민방위교육장,2019,도시대기,"SO2, CO, O3, NO2, PM10, PM2.5",37.8309,126.833
행신동,경기 고양시 덕양구 화신로 148 행신배수지가라산공원,1998,도시대기,"SO2, CO, O3, NO2, PM10, PM2.5",37.6251,126.8423
중구,서울 중구 덕수궁길 15시청서소문별관 3동,1995,도시대기,"SO2, CO, O3, NO2, PM10, PM2.5",37.564639,126.975961
한강대로,서울 용산구 한강대로 405(서울역 앞),1996,도로변대기,"SO2, CO, O3, NO2, PM10, PM2.5",37.549389,126.971519
종로구,"서울 종로구 종로35가길 19종로5,6가 동 주민센터",1997,도시대기,"SO2, CO, O3, NO2, PM10, PM2.5",37.572025,127.005028
청계천로,서울 중구 청계천로 184(청계천4가사거리 남강빌딩 앞),1994,도로변대기,"SO2, CO, O3, NO2, PM10, PM2.5",37.56865,126.998083
종로,서울 종로구 종로 169(종묘주차장 앞),2008,도로변대기,"SO2, CO, O3, NO2, PM10, PM2.5",37.570633,126.996783
용산구,서울 용산구 한남대로 136서울특별시중부기술교육원,1984,도시대기,"SO2, CO, O3, NO2, PM10, PM2.5",37.540314,127.005083
광진구,서울특별시 광진구 광나루로 571구의 아리수정수센터,1980,도시대기,"SO2, CO, O3, NO2, PM10, PM2.5",37.544639,127.095706
성동구,서울 성동구 뚝섬로3길 18성수1가1동주민센터,1982,도시대기,"SO2, CO, O3, NO2, PM10, PM2.5",37.542036,127.049685
강변북로,서울 성동구 강변북로 257한강사업본부 옆,2009,도로변대기,"SO2, CO, O3, NO2, PM10, PM2.5",37.539283,127.040943
중랑구,서울 중랑구 용마산로 369건강가정지원센터,1984,도시대기,"SO2, CO, O3, NO2, PM10, PM2.5",37.584953,127.094283
동대문구,서울 동대문구 천호대로13길 43용두초등학교,1973,도시대기,"SO2, CO, O3, NO2, PM10, PM2.5",37.576169,127.029642
홍릉로,서울 동대문구 홍릉로 1(청량리전철역 사거리 SC제일은행 앞),1995,도로변대기,"SO2, CO, O3, NO2, PM10, PM2.5",37.580167,127.044856
성북구,서울 성북구 삼양로2길 70길음2동 주민센터,1978,도시대기,"SO2, CO, O3, NO2, PM10, PM2.5",37.606667,127.027264
정릉로,서울 성북구 돈암동 8-164번지,2010,도로변대기,"SO2, CO, O3, NO2, PM10, PM2.5",37.603593,127.026007
도봉구,서울 도봉구 시루봉로2길 34쌍문동청소년문화의집,1982,도시대기,"SO2, CO, O3, NO2, PM10, PM2.5",37.654278,127.029333
은평구,서울 은평구 진흥로 215(한국환경산업기술원 온실동2층 ),1995,도시대기,"SO2, CO, O3, NO2, PM10, PM2.5",37.6104714,126.9335038
서대문구,서울 서대문구 세검정로4길 32(홍제3동 주민센터),1980,도시대기,"SO2, CO, O3, NO2, PM10, PM2.5",37.593749,126.949534
마포구,서울 마포구 포은로 6길 10망원1동주민센터 옥상,1979,도시대기,"SO2, CO, O3, NO2, PM10, PM2.5",37.55561,126.905457
신촌로,서울 마포구 노고산동 57-62(신촌역 7번 출구),1994,도로변대기,"SO2, CO, O3, NO2, PM10, PM2.5",37.554936,126.937619
강서구,서울 강서구 강서로 45 다길 71 화곡3동푸른들청소년도서관,1992,도시대기,"SO2, CO, O3, NO2, PM10, PM2.5",37.544656,126.835094
공항대로,서울 강서구 마곡동 727-1091마곡역 중앙차로정류장 옆,2010,도로변대기,"SO2, CO, O3, NO2, PM10, PM2.5",37.562821,126.826071
구로구,서울 구로구 가마산로 27길 45구로고등학교,1980,도시대기,"SO2, CO, O3, NO2, PM10, PM2.5",37.498498,126.889692
영등포구,서울특별시 영등포구 당산로 123영등포구청 (당산동3가),1973,도시대기,"SO2, CO, O3, NO2, PM10, PM2.5",37.526339,126.896256
영등포로,서울 영등포구 영중로 37(영등포시장사거리),1994,도로변대기,"SO2, CO, O3, NO2, PM10, PM2.5",37.520222,126.904967
동작구,서울 동작구 사당로16아길 6사당4동 주민센터,1997,도시대기,"SO2, CO, O3, NO2, PM10, PM2.5",37.480989,126.971547
동작대로 중앙차로,서울 동작구 동작대로 144이수역 북단 버스중앙차로,2010,도로변대기,"SO2, CO, O3, NO2, PM10, PM2.5",37.492107,126.983245
관악구,서울 관악구 신림동길 14신림동 주민센터,1979,도시대기,"SO2, CO, O3, NO2, PM10, PM2.5",37.488242,126.927089
웅촌면,울산광역시 울주군 웅촌면 새초천길 12웅촌운동장 주차장,2020,도시대기,"SO2, CO, O3, NO2, PM10, PM2.5",35.46153,129.20881
범서읍,울산광역시 울주군 범서읍 당앞로 14-50천상정수사업소,2020,도시대기,"SO2, CO, O3, NO2, PM10, PM2.5",35.56964,129.22602
북부순환도로,울산광역시 중구 태화동 310GS LPG충전소(태화) 앞 (태화동),2020,도로변대기,"SO2, CO, O3, NO2, PM10, PM2.5",35.55809,129.28116
전하동,울산광역시 동구 진성4길 45주민센터 3층 옥상 (전하동),2018,도시대기,"SO2, CO, O3, NO2, PM10, PM2.5",35.508908,129.426773
내일동,경남 밀양시 중앙로 346내일동주민센터 (내일동),2017,도시대기,"SO2, CO, O3, NO2, PM10, PM2.5",35.493678,128.754168
무전동,경남 통영시 안개4길 53무전동주민센터 (무전동),2017,도시대기,"SO2, CO, O3, NO2, PM10, PM2.5",34.857173,128.432385
고성읍,경남 고성군 고성읍 중앙로 35고성읍보건지소 2층 옥상,2018,도시대기,"SO2, CO, O3, NO2, PM10, PM2.5",34.974543611,128.324369805
거창읍,경남 거창군 거창읍 거열로 90거창읍사무소 1층 옥상,2018,도시대기,"SO2, CO, O3, NO2, PM10, PM2.5",35.6877878,127.9037871
가야읍,경남 함안군 가야읍 함안대로 505가야읍행정복지센터 옥상,2018,도시대기,"SO2, CO, O3, NO2, PM10, PM2.5",35.2720132,128.408105
함양읍,경남 함양군 함양읍 고운로 35함양군청 민원봉사과 옥상,2018,도시대기,"SO2, CO, O3, NO2, PM10, PM2.5",35.5211721,127.7244433
남해읍,경남 남해군 남해읍 남해대로 2745남해유배문학관 옥상,2018,도시대기,"SO2, CO, O3, NO2, PM10, PM2.5",34.8318834,127.899848
산청읍,경남 산청군 산청읍 산엔청로 6산청군 여성회관 옥상,2019,도시대기,"SO2, CO, O3, NO2, PM10, PM2.5",35.414968,127.874111
남상면,경남 거창군 남상면 인평길 36남상면사무소,2003,교외대기,"SO2, CO, O3, NO2, PM10, PM2.5",35.643167,127.9105
의령읍,경남 의령군 의령읍 의병로8길 44서동생활공원 지상,2019,도시대기,"SO2, CO, O3, NO2, PM10, PM2.5",35.315748,128.253757
창녕읍,경남 창녕군 창녕읍 우포2로 1189-35정신건강복지센터 옥상,2019,도시대기,"SO2, CO, O3, NO2, PM10, PM2.5",35.5452909,128.4883674
합천읍,경남 합천군 합천읍 대야로 888-20보훈회관 옥상,2019,도시대기,"SO2, CO, O3, NO2, PM10, PM2.5",35.56723,128.16517
마산항,경남 창원시 성산구 적현로 424(귀곡동),2020,항만,"SO2, CO, O3, NO2, PM10, PM2.5",35.191823,128.591172
울산항,울산 남구 매암로 965부두,,항만,"SO2, CO, O3, NO2, PM10, PM2.5",35.515708,129.384518
서석동,광주 동구 서남로 1동구청보건소,,도시대기,"SO2, CO, O3, NO2, PM10, PM2.5",35.14583,126.92333
칠곡군,경북 칠곡군 왜관읍 관문로1길 30칠곡군 보건소 건강증진센터 옥상,2017,도시대기,"SO2, CO, O3, NO2, PM10, PM2.5",35.990702,128.418493
영덕읍,경북 영덕군 영덕읍 삼근길 6-7영덕군민운동장 옆,2019,도시대기,"SO2, CO, O3, NO2, PM10, PM2.5",36.420285,129.3637254
강구면,경북 영덕군 강구면 강구리 167강구대게축구장 내,,교외대기,"SO2, CO, O3, NO2, PM10, PM2.5",36.363249,129.389769
영해면,경북 영덕군 영해면 예주3길 7영해면행정복지센터 옥상,2020,도시대기,"SO2, CO, O3, NO2, PM10, PM2.5",36.537527,129.407086
문경시,경북 문경시 시청2길 45모전도서관 옥상 (모전동),2019,도시대기,"SO2, CO, O3, NO2, PM10, PM2.5",36.58667,128.18591
성주군,경북 성주군 성주읍 성주로 3258성주군 별고을교육원 옥상,2019,도시대기,"SO2, CO, O3, NO2, PM10, PM2.5",35.9174536,128.2902229
화북면,경북 영천시 화북면천문로 2304-21(화북정수장내),2003,교외대기,"SO2, CO, O3, NO2, PM10, PM2.5",36.112801,128.92785
영천시,경북 영천시 시청로 23영천 별빛직장어린이집,2018,도시대기,"SO2, CO, O3, NO2, PM10, PM2.5",35.9729798,128.9376783
안계면,경북 의성군 안계면 위양2길 9-26정수장,2006,교외대기,"SO2, CO, O3, NO2, PM10, PM2.5",36.3692,128.456533
의성읍,경북 의성군 의성읍 군청길 31의성군청 별관 옥상,2019,도시대기,"SO2, CO, O3, NO2, PM10, PM2.5",36.35266,128.69676
울진군,경북 울진군 울진읍 읍내10길 19울진읍사무소,2018,도시대기,"SO2, CO, O3, NO2, PM10, PM2.5",36.9973684,129.4027221
석포면,경북 봉화군 석포면 석포로1길 55석포면사무소 앞,2019,도시대기,"SO2, CO, O3, NO2, PM10, PM2.5",37.0485072,129.065288
봉화군청,경북 봉화군 봉화읍 봉화로 1111봉화군청 입구,,도시대기,"SO2, CO, O3, NO2, PM10, PM2.5",36.8924141,128.7316017
태하리,경북 울릉군 서면 태하리산99-3 (울릉군 항로표지관리소),1996,국가배경농도,"SO2, CO, O3, NO2, PM10, PM2.5",37.518636,130.7970965
울릉읍,경북 울릉군 울릉읍 도동2길 65울릉군민회관,2019,도시대기,"SO2, CO, O3, NO2, PM10, PM2.5",37.488209,130.9040474
대가야읍,경북 고령군 대가야읍 성산로 46고령배수지,2019,도시대기,"SO2, CO, O3, NO2, PM10, PM2.5",35.7268791,128.2823425
군위읍,경북 군위군 군위읍 군청로 158군위종합테니스장 옥상,2019,도시대기,"SO2, CO, O3, NO2, PM10, PM2.5",36.23727,128.57394
영양군,경북 영양군 영양읍 군청길 37영양군청 옥상,2019,도시대기,"SO2, CO, O3, NO2, PM10, PM2.5",36.66707,129.11228
예천군,경북 예천군 호명면 행복7길 25-4예천군 통합관제센터 옥상,2019,도시대기,"SO2, CO, O3, NO2, PM10, PM2.5",36.576821,128.472886
화양읍,경북 청도군 화양읍 도주관로 159화양읍사무소 옥상,2020,도시대기,"SO2, CO, O3, NO2, PM10, PM2.5",35.64988,128.70616
포항항,경북 포항시 남구 신항로 99-98제4부두 인근,2020,항만,"SO2, CO, O3, NO2, PM10, PM2.5",36.006021,129.41491
읍내동,대전 대덕구 대전로 1331번길 75(태아산업(주))태아산업(주),1988,도시대기,"SO2, CO, O3, NO2, PM10, PM2.5",36.372778,127.417222
문평동,대전 대덕구 문평동로 18번길 34(문평동 119안전센터)문평동 119안전센터,2002,도시대기,"SO2, CO, O3, NO2, PM10, PM2.5",36.446944,127.404722
문창동,대전 중구 보문로 20번길 38(문창동 주민센터)문창동 주민센터,1986,도시대기,"SO2, CO, O3, NO2, PM10, PM2.5",36.316111,127.437778
구성동,대전 유성구 대학로 407 보건환경연구원보건환경연구원,2007,도시대기,"SO2, CO, O3, NO2, PM10, PM2.5",36.372411,127.373938
노은동,대전 유성구 노은동로 87번길 89(노은1동 주민센터)노은1동 주민센터 3층 옥상,2011,도시대기,"SO2, CO, O3, NO2, PM10, PM2.5",36.3682,127.3185
상대동(대전),대전광역시 유성구 도안대로 398대전역사박물관 (상대동),2018,도시대기,"SO2, CO, O3, NO2, PM10, PM2.5",36.3364108,127.3349525
관평동,대전광역시 유성구 테크노중앙로 88동화울수변공원 내 (관평동),2020,도시대기,"SO2, CO, O3, NO2, PM10, PM2.5",36.425168,127.395931
대흥동1,대전 중구 중앙로 58도로변,1997,도로변대기,"SO2, CO, O3, NO2, PM10, PM2.5",36.323889,127.418333
성남동1,대전 동구 계족로 368번길 70(성남동 주민센터)성남동 주민센터,2003,도시대기,"SO2, CO, O3, NO2, PM10, PM2.5",36.344444,127.437222
대성동,대전광역시 동구 동구청로 36남부여성가족원 (대성동),2018,도시대기,"SO2, CO, O3, NO2, PM10, PM2.5",36.3018429,127.4602048
정림동,대전 서구 정림동로 10(정림동 주민센터)정림동 주민센터,2004,도시대기,"SO2, CO, O3, NO2, PM10, PM2.5",36.304667,127.366717
둔산동,대전 서구 둔산서로 84(근로자 종합복지회관)근로자 종합복지회관(3층 옥상),2006,도시대기,"SO2, CO, O3, NO2, PM10, PM2.5",36.354444,127.383056
월평동,대전 서구 월평동160-5도로변(월평자동차종합시장앞),2007,도로변대기,"SO2, CO, O3, NO2, PM10, PM2.5",36.351111,127.354167
송정동(봉명동),충북 청주시 흥덕구 직지대로 393(송정동)충북문화재연구원 옥상,1989,도시대기,"SO2, CO, O3, NO2, PM10, PM2.5",36.644697,127.436808
사천동,"충북 청주시 청원구 사천동 233-223번지(사뜸로 61번길 88-14), 청주청원도서관 옥상(2층)청주청원도서관 옥상",1994,도시대기,"SO2, CO, O3, NO2, PM10, PM2.5",36.66608,127.474924
용담동,충북 청주시 상당구 교동로139번길 20라일락소공원 지상 (용담동),2002,도시대기,"SO2, CO, O3, NO2, PM10, PM2.5",36.635997,127.504028
용암동,"충북 청주시 상당구 용암동 1590(중흥로 29), 용암1동 주민센터 3층 옥상용암1동 주민센터 옥상",2004,도시대기,"SO2, CO, O3, NO2, PM10, PM2.5",36.608818,127.501293
복대동,충북 청주시 흥덕구 복대동111 산단육거리 교차점광장,2007,도로변대기,"SO2, CO, O3, NO2, PM10, PM2.5",36.634423,127.447045
성황동,충남 천안시 동남구 복자1길 24 문성어린이집문성시립보육시설 옥상,2007,도시대기,"SO2, CO, O3, NO2, PM10, PM2.5",36.814171,127.152144
백석동,충남 천안시 백석동 555-57번지(백성농공단지)백성농공단지,2002,도시대기,"SO2, CO, O3, NO2, PM10, PM2.5",36.825139,127.110639
성성동,충남 천안시 서북구 성성동1-70,2008,도로변대기,"SO2, CO, O3, NO2, PM10, PM2.5",36.839225,127.137578
성거읍,충남 천안시 서북구 성거읍 천흥8길 7천흥산업단지 내 족구장 지상,2017,도시대기,"SO2, CO, O3, NO2, PM10, PM2.5",36.883421,127.207371
신방동,충남 천안시 동남구 천안천변길 127천안시 맑은물사업소 하수처리장 (신방동),2019,도시대기,"SO2, CO, O3, NO2, PM10, PM2.5",36.78279,127.120668
사곡면,충남 공주시 사곡면 마곡사로293-106(사곡중학교),2003,교외대기,"SO2, CO, O3, NO2, PM10, PM2.5",36.526284,127.030853
공주,충남 공주시 봉황로 1(공주시의회 옥상),2017,도시대기,"SO2, CO, O3, NO2, PM10, PM2.5",36.446611,127.11915
탄천면,충남 공주시 탄천면 안터새말길 34안영1리 경로당 옥상,2019,도시대기,"SO2, CO, O3, NO2, PM10, PM2.5",36.3086,127.06721
부여읍,충남 부여군 부여읍 사비로 36(부여읍행정복지센터 옥상),2017,도시대기,"SO2, CO, O3, NO2, PM10, PM2.5",36.275495,126.911297
독곶리,충남 서산시 대산읍 평신1로(독곶리) 한국수자원공사 대산산업용수센터저수동 옥상,,도시대기,"SO2, CO, O3, NO2, PM10, PM2.5",36.993588,126.358971
동문동,충남 서산시 중앙로 38-1서산초등학교 (동문동),1996,도시대기,"SO2, CO, O3, NO2, PM10, PM2.5",36.780177,126.455459
대산리,충남 서산시 대산읍 충의로 1942대산종합시장 옥상,2018,도시대기,"SO2, CO, O3, NO2, PM10, PM2.5",36.937966,126.43394
성연면,충남 서산시 성연면 마루들길 15보건지소 옥상,2019,도시대기,"SO2, CO, O3, NO2, PM10, PM2.5",36.839,126.46087
송산면,충남 당진시 송산면 유곡로 342-27공공하폐수처리시설,2018,도시대기,"SO2, CO, O3, NO2, PM10, PM2.5",36.976453,126.716298
당진시청사,충남 당진시 시청1로 1당진시청사,2017,도시대기,"SO2, CO, O3, NO2, PM10, PM2.5",36.889977,126.645799
모종동,충남 아산시 모종동 573-2보건소옥상,2007,도시대기,"SO2, CO, O3, NO2, PM10, PM2.5",36.782917,127.0145
배방읍,충남 아산시 배방읍 배방로 38배방읍사무소 옥상,2017,도시대기,"SO2, CO, O3, NO2, PM10, PM2.5",36.7738,127.053851
도고면,충남 아산시 도고면 기곡리 296-4기곡1리 마을회관 지상,2018,도시대기,"SO2, CO, O3, NO2, PM10, PM2.5",36.762488,126.888729
둔포면,충남 아산시 둔포면 중앙공원로 43둔포면 측정소,2018,도시대기,"SO2, CO, O3, NO2, PM10, PM2.5",36.914275,127.059597
인주면,충남 아산시 인주면 인주산단로 23-28인주면 측정소,2018,도시대기,"SO2, CO, O3, NO2, PM10, PM2.5",36.873396,126.87978
장재리,충남 아산시 배방읍 장재리 2116장재리 도로변,2020,도로변대기,"SO2, CO, O3, NO2, PM10, PM2.5",36.784325,127.099992
논산,충남 논산시 시민로389 (취암/부창동 행정복지센터 2층 옥상),2017,도시대기,"SO2, CO, O3, NO2, PM10, PM2.5",36.199272,127.086981
연무읍,충남 논산시 연무읍 안심로 50연무읍사무소 옥상,2020,도시대기,"SO2, CO, O3, NO2, PM10, PM2.5",36.125022,127.096762
성동면,충남 논산시 성동면 산업단지로5길 73-28논산지방산업단지 기숙사 옥상,2020,도시대기,"SO2, CO, O3, NO2, PM10, PM2.5",36.215998,127.043263
농성동,광주 서구 상무대로 1165 (광주시립미술관 상록전시관 단독건물)광주시립미술관,2015,도시대기,"SO2, CO, O3, NO2, PM10, PM2.5",35.156651,126.889699
치평동,광주 서구 상무자유로 170(롯데마트 상무점 건너편 인도),,도로변대기,"SO2, CO, O3, NO2, PM10, PM2.5",35.151625,126.853292
노대동,광주광역시 남구 덕남길 7문화관 근처 (노대동),2019,도시대기,"SO2, CO, O3, NO2, PM10, PM2.5",35.1000281,126.8965634
유촌동,광주광역시 서구 천변우하로 203광주보건환경연구원 신청사 옥상 (유촌동),2020,도시대기,"SO2, CO, O3, NO2, PM10, PM2.5",35.161944,126.844167
두암동,광주 북구 군왕로 141번길 6 (두암보건지소)두암보건지소 3층 옥상,,도시대기,"SO2, CO, O3, NO2, PM10, PM2.5",35.1743,126.9325
운암동,광주 북구 북문대로 79(벽산블루밍아파트 앞 인도),,도로변대기,"SO2, CO, O3, NO2, PM10, PM2.5",35.176106,126.856931
건국동,광주 북구 첨단과기로 333 (광주테크노파크 벤처지원센터 옥상)광주테크노파크 벤처지원센터 옥상,,도시대기,"SO2, CO, O3, NO2, PM10, PM2.5",35.22933,126.86186
일곡동,광주광역시 북구 모룡대길 68교통문화연수원 옥상 (일곡동),2020,도시대기,"SO2, CO, O3, NO2, PM10, PM2.5",35.218056,126.8925
오선동,광주 광산구 하남산단 6번로 107삼성전자 환경안전센터,,도시대기,"SO2, CO, O3, NO2, PM10, PM2.5",35.20413,126.8072
우산동(광주),광주광역시 광산구 우산동 1026-2월곡119안전센터 인근 사유지 (우산동),2020,도시대기,"SO2, CO, O3, NO2, PM10, PM2.5",35.157742,126.810097
평동,광주광역시 광산구 평동산단로 184-1평동종합비즈니스센터 후문 주차장 입구 (월전동),2019,도시대기,"SO2, CO, O3, NO2, PM10, PM2.5",35.12322,126.76867
주월동,광주 남구 회서로 21번가길 13주월1동 주민센터,,도시대기,"SO2, CO, O3, NO2, PM10, PM2.5",35.131917,126.8933
노송동,전북 전주시 완산구 물왕멀3길 29전주도시혁신센터 옥상 (서노송동),2002,도시대기,"SO2, CO, O3, NO2, PM10, PM2.5",35.8283169,127.1476553
용당동,전남 목포시 동부로 31번길 20(용당1동 주민센터 옥상)용당1동 주민센터 옥상,1994,도시대기,"SO2, CO, O3, NO2, PM10, PM2.5",34.80593,126.391767
부흥동,전남 목포시 삼향천로 28(옥암동)부흥동주민센터,2013,도시대기,"SO2, CO, O3, NO2, PM10, PM2.5",34.804279,126.43457
서강동,전남 여수시 서교1길 28-1서강동주민자치센터 (서교동),1991,도시대기,"SO2, CO, O3, NO2, PM10, PM2.5",34.741301,127.725967
월내동,전남 여수시 여수산단로 1201(월내동)여수산단 월내 폐수종말처리장,1996,도시대기,"SO2, CO, O3, NO2, PM10, PM2.5",34.850083,127.731933
문수동,전남 여수시 여문1로 71(문수동)문수동주민센터 옥상,2007,도시대기,"SO2, CO, O3, NO2, PM10, PM2.5",34.754549,127.70276
여천동(여수),전남 여수시 무선로 190(선원동)여천동 주민센터 뒷편,1991,도시대기,"SO2, CO, O3, NO2, PM10, PM2.5",34.766301,127.657507
덕충동,전남 여수시 덕충안길 95만덕동주민자치센터,2012,도시대기,"SO2, CO, O3, NO2, PM10, PM2.5",34.7539,127.7468
장천동,전남 순천시 장명로 30(장천동)순천시청 별관 옥상,1994,도시대기,"SO2, CO, O3, NO2, PM10, PM2.5",34.950357,127.487189
연향동,전남 순천시 연향번영길 54(연향동)연향도서관 옥상,2008,도시대기,"SO2, CO, O3, NO2, PM10, PM2.5",34.947102,127.518575
순천만,전남 순천시 순천만길 513-25(대대동)순천만 자연생태관 옥상,2009,도시대기,"SO2, CO, O3, NO2, PM10, PM2.5",34.885971,127.50903
호두리,전남 순천시 해룡면 호두리 276-9호두정수장,2009,도시대기,"SO2, CO, O3, NO2, PM10, PM2.5",34.892081,127.572745
신대,전남 순천시 해룡면 매안로 162순천시립신대도서관,2018,도시대기,"SO2, CO, O3, NO2, PM10, PM2.5",34.9363617,127.5485334
빛가람동,전남 나주시 빛가람로 719빛가람동 주민센터 옥상,2017,도시대기,"SO2, CO, O3, NO2, PM10, PM2.5",35.02174,126.790413
담양읍,전남 담양군 담양읍 면앙정로 730담양군 농업기술센터 생명농업연구동 뒤편,2017,도시대기,"SO2, CO, O3, NO2, PM10, PM2.5",35.311711,126.972914
장성읍,전남 장성군 장성읍 영천로 211장성읍사무소 옥상,2017,도시대기,"SO2, CO, O3, NO2, PM10, PM2.5",35.303241,126.785419
화양면,전남 여수시 화양면 평촌길 2-6화동경로당,2018,도시대기,"SO2, CO, O3, NO2, PM10, PM2.5",34.685678,127.597412
율촌면,전남 여수시 율촌면 동산개길 2율촌면 보건지소,2018,도시대기,"SO2, CO, O3, NO2, PM10, PM2.5",34.881925,127.578783
삼일동,전남 여수시 상암로 601-1상암보건지소 (상암동),2018,도시대기,"SO2, CO, O3, NO2, PM10, PM2.5",34.824764,127.731615
중동,전남 광양시 중마중앙로 109광양소방서 옥상,1990,도시대기,"SO2, CO, O3, NO2, PM10, PM2.5",34.937342,127.693427
태인동,전남 광양시 태인길 376(태인동)태인폐정수장 사무실,1994,도시대기,"SO2, CO, O3, NO2, PM10, PM2.5",34.941868,127.757069
진상면,전남 광양시 진상면 신시길 227(섬거리)진상면사무소,2002,도시대기,"SO2, CO, O3, NO2, PM10, PM2.5",35.019997,127.71962
광양읍,전남 광양시 광양읍 인덕로 1100(칠성리)광양읍 2청사 옥상,2004,도시대기,"SO2, CO, O3, NO2, PM10, PM2.5",34.980817,127.583116
해남읍,전남 해남군 해남읍 남부순환로 114해남읍사무소,2018,도시대기,"SO2, CO, O3, NO2, PM10, PM2.5",34.565366,126.599224
대불,전남 영암군 삼호읍 대불주거9로 27대불종합체육관,1997,도시대기,"SO2, CO, O3, NO2, PM10, PM2.5",34.75784,126.452808
영암읍,전남 영암군 영암읍 낭주로 202-2영암 종합스포츠타운 야구장,2019,도시대기,"SO2, CO, O3, NO2, PM10, PM2.5",34.84,126.7
송단리,전남 화순군 북면 송단리338번지,2006,교외대기,"SO2, CO, O3, NO2, PM10, PM2.5",35.177167,127.175167
화순읍,전남 화순군 화순읍 동헌길 9-24화순군 CCTV 관제센터,2018,도시대기,"SO2, CO, O3, NO2, PM10, PM2.5",35.0652356,126.9857882
영광읍,전남 영광군 영광읍 물무로2길 61영광읍사무소,2018,도시대기,"SO2, CO, O3, NO2, PM10, PM2.5",35.2779955,126.5119937
안마도,전남 영광군 낙월면 영외리 산 118안마도 측정소,,국가배경농도,"SO2, CO, O3, NO2, PM10, PM2.5",35.336307,126.018459
장흥읍,전남 장흥군 장흥읍 흥성로 23정남진도서관,2018,도시대기,"SO2, CO, O3, NO2, PM10, PM2.5",34.6743623,126.9065322
진도읍,전남 진도군 진도읍 진도대로 7195진도여성플라자,2018,도시대기,"SO2, CO, O3, NO2, PM10, PM2.5",34.4792914,126.2687164
신지면,전남 완도군 신지면 신지로 567신지면 문화센터,2018,도시대기,"SO2, CO, O3, NO2, PM10, PM2.5",34.3345769,126.8283724
함평읍,전남 함평군 함평읍 중앙길 39함평군노인복지회관,2018,도시대기,"SO2, CO, O3, NO2, PM10, PM2.5",35.0619768,126.5225907
고흥읍,전남 고흥군 고흥읍 터미널길 11고흥읍사무소,2018,도시대기,"SO2, CO, O3, NO2, PM10, PM2.5",34.6062119,127.2805391
신안군,전남 신안군 안좌면 중부로 860신안군 측정소,2018,도시대기,"SO2, CO, O3, NO2, PM10, PM2.5",34.7555612,126.1260116
홍도,전남 신안군 흑산면 홍도1길 51-3홍도리 95-57,2020,국가배경농도,"SO2, CO, O3, NO2, PM10, PM2.5",34.698747,125.192314
가거도,전남 신안군 흑산면 가거도리 산 4가거도 등대부지 내,2020,국가배경농도,"SO2, CO, O3, NO2, PM10, PM2.5",34.076677,125.092276
무안읍,전남 무안군 무안읍 성내1길 2무안읍사무소,2018,도시대기,"SO2, CO, O3, NO2, PM10, PM2.5",34.9903577,126.4762299
강진읍,전남 강진군 강진읍 동성로 72강진읍 측정소,2019,도시대기,"SO2, CO, O3, NO2, PM10, PM2.5",34.6446579,126.7711918
곡성읍,전남 곡성군 곡성읍 학정3길 6곡성읍 측정소,2019,도시대기,"SO2, CO, O3, NO2, PM10, PM2.5",35.2834576,127.2896401
구례읍,전남 구례군 구례읍 동편제길 30구례읍 측정소,2019,도시대기,"SO2, CO, O3, NO2, PM10, PM2.5",35.215918,127.461282
벌교읍,전남 보성군 벌교읍 체육공원길 35벌교읍 측정소,2019,도시대기,"SO2, CO, O3, NO2, PM10, PM2.5",34.8419256,127.3477777
보성읍,전남 보성군 보성읍 현충로 42-36원봉3구회관(노인당) 옥상,2020,도시대기,"SO2, CO, O3, NO2, PM10, PM2.5",34.76479,127.078068
목포항,전남 영암군 삼호읍 용당리 2169-1용당부두 내,2020,항만,"SO2, CO, O3, NO2, PM10, PM2.5",34.771956,126.391513
광양항,전남 광양시 컨부두로 316광양항 컨테이너 터미널 내,2020,항만,"SO2, CO, O3, NO2, PM10, PM2.5",34.907364,127.665394
여수항,전남 여수시 여객선터미널길 17여수여객터미널 내,2020,항만,"SO2, CO, O3, NO2, PM10, PM2.5",34.738486,127.732612
이도동,제주 제주시 이도2동 1176-1(제주시청)제주시청,1994,도시대기,"SO2, CO, O3, NO2, PM10, PM2.5",33.500116,126.532371
연동,제주 제주시 연동 322-1 번지 제주특별자치도청 제2청사제주특별자치도청 제2청사 옥상,2006,도시대기,"SO2, CO, O3, NO2, PM10, PM2.5",33.48863,126.500055
조천읍,제주특별자치도 제주시 조천읍 조천18길 11-1조천읍 체육관,2020,도시대기,"SO2, CO, O3, NO2, PM10, PM2.5",33.539831,126.64412
한림읍,제주특별자치도 제주시 한림읍 한림중앙로 71-9한림읍 체육관,2020,도시대기,"SO2, CO, O3, NO2, PM10, PM2.5",33.409109,126.268778
동홍동,제주 서귀포시 동홍동 453-1(서귀포소방서)서귀포소방서,2001,도시대기,"SO2, CO, O3, NO2, PM10, PM2.5",33.246244,126.56506
성산읍,제주 서귀포시 성산읍 일주동로 4120번길 7(동부소방서),2017,도시대기,"SO2, CO, O3, NO2, PM10, PM2.5",33.460229,126.91007
남원읍,제주특별자치도 서귀포시 남원읍 남한로 67서귀포시 동부노인복지회관,2019,도시대기,"SO2, CO, O3, NO2, PM10, PM2.5",33.2843415,126.715115
대정읍,제주특별자치도 서귀포시 대정읍 동일하모로149번길 21-8대정청소년수련관,2018,도시대기,"SO2, CO, O3, NO2, PM10, PM2.5",33.2277489,126.2473589
노형로,제주특별자치도 제주시 1100로 3348노형동 918번지 (노형동),2019,도로변대기,"SO2, CO, O3, NO2, PM10, PM2.5",33.4838002,126.4746922
고산리,제주 제주시 한경면 고산리3762,2001,국가배경농도,"SO2, CO, O3, NO2, PM10, PM2.5",33.292471,126.162165
수창동,대구 중구 수창동 73 (수창초등학교)(달성로 22길 30)수창초등학교,1999,도시대기,"SO2, CO, O3, NO2, PM10, PM2.5",35.874296,128.584136
지산동,대구 수성구 지산동 761-11(한국환경공단) (무학로 209)한국환경공단,1999,도시대기,"SO2, CO, O3, NO2, PM10, PM2.5",35.830472,128.63157
서호동,대구 동구 서호동 25-1(안심로49길 70)반야월초등학교 옥상,2001,도시대기,"SO2, CO, O3, NO2, PM10, PM2.5",35.869104,128.711016
이현동,대구 서구 이현동 48-60 (중리초등학교)(국채보상로 135)중리초등학교,1994,도시대기,"SO2, CO, O3, NO2, PM10, PM2.5",35.869556,128.545323
평리동,대구 서구 평리3동730-1 (대평중학교내) (통학로 217),1998,도로변대기,"SO2, CO, O3, NO2, PM10, PM2.5",35.880274,128.562491
대명동,대구 남구 성당로30길55 성명초등학교별관3층옥상성명초등학교 별관 3층 옥상,2010,도시대기,"SO2, CO, O3, NO2, PM10, PM2.5",35.845498,128.571066
신암동,대구 동구 신암동 72-1 (신암5동사무소)(아양로 37길 92)주민센터,1998,도시대기,"SO2, CO, O3, NO2, PM10, PM2.5",35.889757,128.633064
태전동,대구 북구 태전동 1076-5 (태암초등학교)(칠곡중앙대로 52길 56)태암초등학교 남관 4층 옥상,2003,도시대기,"SO2, CO, O3, NO2, PM10, PM2.5",35.923033,128.550652
산격동,대구광역시 북구 연암로 40시청별관 105동 3층 옥상 (산격동),2020,도시대기,"SO2, CO, O3, NO2, PM10, PM2.5",35.89324,128.60201
만촌동,대구 수성구 만촌2동 934 (동원초등학교)(국채보상로 1000)동원초등학교,1996,도시대기,"SO2, CO, O3, NO2, PM10, PM2.5",35.865276,128.640031
호림동,대구 달서구 성서공단로 11길 32 대구기계부품연구원 1동 옥상대구기계부품연구원,2002,도시대기,"SO2, CO, O3, NO2, PM10, PM2.5",35.837879,128.488731
유가읍,대구광역시 달성군 유가읍 테크노북로6길 20비슬공원,2003,도시대기,"SO2, CO, O3, NO2, PM10, PM2.5",35.695336,128.459293
이곡동,대구 달서구 이곡동1258-2,2016,도로변대기,"SO2, CO, O3, NO2, PM10, PM2.5",35.851205,128.51153
시지동,대구광역시 수성구 노변공원로 52노변초등학교 (시지동),2017,도시대기,"SO2, CO, O3, NO2, PM10, PM2.5",35.837626,128.697558
진천동,대구광역시 달서구 월배로 131월배초등학교 (진천동),2017,도시대기,"SO2, CO, O3, NO2, PM10, PM2.5",35.816726,128.528732
다사읍,대구광역시 달성군 다사읍 매곡로12길 37다사읍주민자치센터,2018,도시대기,"SO2, CO, O3, NO2, PM10, PM2.5",35.864922,128.457164
본동,대구광역시 달서구 구마로26길 62본동행정복지센터 (본동),2019,도시대기,"SO2, CO, O3, NO2, PM10, PM2.5",35.83433,128.541083
내당동,대구광역시 서구 서대구로3길 46내당4동 행정복지센터 3층 옥상 (내당동),2020,도시대기,"SO2, CO, O3, NO2, PM10, PM2.5",35.859,128.55183
침산동,대구광역시 북구 옥산로17길 21대구일중학교 (침산동),2020,도시대기,"SO2, CO, O3, NO2, PM10, PM2.5",35.88761,128.58434
화원읍,대구광역시 달성군 화원읍 인흥1길 12화원명곡체육공원,2020,도시대기,"SO2, CO, O3, NO2, PM10, PM2.5",35.79736,128.50485
우현동,경북 포항시 북구 새천년대로 906우현사거리 (우현동),2021,도로변대기,"SO2, CO, O3, NO2, PM10, PM2.5",36.05249,129.360814
장흥동,경북 포항시 남구 철강로 331 공단정수장공단정수장,1989,도시대기,"SO2, CO, O3, NO2, PM10, PM2.5",35.980182,129.374795
장량동,경북 포항시 북구 삼흥로 98 북구보건소북구보건소,1999,도시대기,"SO2, CO, O3, NO2, PM10, PM2.5",36.070725,129.380278
대도동,경북 포항시 남구 대도동 111-6(상대동평생학습관)상대동평생학습관,1997,도시대기,"SO2, CO, O3, NO2, PM10, PM2.5",36.018833,129.365867
대송면,경북 포항시 남구 대송면 장동홍계길19 (대송면사무소 내)대송면사무소,2005,도시대기,"SO2, CO, O3, NO2, PM10, PM2.5",35.968522,129.359954
3공단,경북 포항시 남구 대송면 철강산단로130번길 293공단 배수지,2010,도시대기,"SO2, CO, O3, NO2, PM10, PM2.5",35.963042,129.376848
송도동,경북 포항시 남구 축항로 55송림초등학교 (송도동),2018,도시대기,"SO2, CO, O3, NO2, PM10, PM2.5",36.0300245,129.3748446
오천읍,경북 포항시 남구 오천읍 냉천로320번길 4-11오천읍민복지회관,2018,도시대기,"SO2, CO, O3, NO2, PM10, PM2.5",35.9668107,129.4086805
청림동,경북 포항시 남구 신항로 10청림동주민센터 (청림동),2018,도시대기,"SO2, CO, O3, NO2, PM10, PM2.5",35.9972932,129.4057291
연일읍,경북 포항시 남구 연일읍 동문로 67연일복지회관 옥상,2021,도시대기,"SO2, CO, O3, NO2, PM10, PM2.5",35.996198,129.352103
제철동,경북 포항시 남구 인덕로 52인덕어울림복지회관 옥상 (인덕동),2021,도시대기,"SO2, CO, O3, NO2, PM10, PM2.5",35.989987,129.397592
성건동,경북 경주시 성건동 667-3(성건동주민센터)성건동주민센터,1996,도시대기,"SO2, CO, O3, NO2, PM10, PM2.5",35.850801,129.207344
보덕동,경북 경주시 경감로 587-18경주스마트미디어센터 지상,2019,도시대기,"SO2, CO, O3, NO2, PM10, PM2.5",35.8357805,129.2869852
안강읍,경북 경주시 안강읍 비화동길 9-40대한노인회 경주시지회 안강읍분회 옥상,2019,도시대기,"SO2, CO, O3, NO2, PM10, PM2.5",35.9907908,129.2269476
외동읍,경북 경주시 외동읍 입실로3길 31외동보건지소 옥상,2019,도시대기,"SO2, CO, O3, NO2, PM10, PM2.5",35.7156428,129.3234158
평화남산동,경북 김천시 평화순환길 291평화남산동주민센터 옥상 (평화동),1993,도시대기,"SO2, CO, O3, NO2, PM10, PM2.5",36.120551,128.116213
대광동,경북 김천시 공단2길 30-22평생교육원 별관 2층 옥상,2018,도시대기,"SO2, CO, O3, NO2, PM10, PM2.5",36.1439851,128.1370361
율곡동,경북 김천시 혁신4로 21율곡동 주민센터 옥상 (율곡동),2019,도시대기,"SO2, CO, O3, NO2, PM10, PM2.5",36.1214646,128.183796
명륜동,경북 안동시 퇴계로 115 (명륜동)안동시청 경민관 옥상,2018,도시대기,"SO2, CO, O3, NO2, PM10, PM2.5",36.564207,128.728086
공단동,경북 구미시 공단동 256-18 (근로자종합복지회)근로자종합복지회,2009,도시대기,"SO2, CO, O3, NO2, PM10, PM2.5",36.105052,128.384038
원평동,경북 구미시 원평동 56-4(구미중앙로 24)동사무소,1991,도시대기,"SO2, CO, O3, NO2, PM10, PM2.5",36.130742,128.32579
형곡동,경북 구미시 형곡동 142(구미시립도서관)구미시립도서관,1997,도시대기,"SO2, CO, O3, NO2, PM10, PM2.5",36.114033,128.335603
4공단,경북 구미시 산동읍 첨단기업1로 17구미전자정보기술원 혁신관 옥상,2010,도시대기,"SO2, CO, O3, NO2, PM10, PM2.5",36.141641,128.438685
진미동,경북 구미시 이계북로 149진미동 행정복지센터 (진평동),2020,도시대기,"SO2, CO, O3, NO2, PM10, PM2.5",36.10605,128.4187
가흥동,경북 영주시 가흥로 263시립도서관 내 (가흥동),2019,도시대기,"SO2, CO, O3, NO2, PM10, PM2.5",36.82066,128.61209
영주동,경북 영주시 광복로 65수도사업소 옥상 (영주동),,도시대기,"SO2, CO, O3, NO2, PM10, PM2.5",36.82863,128.62621
중방동,경북 경산시 중방동 708-5 남매로 158경산시보건소 정신보건센터 2층,2011,도시대기,"SO2, CO, O3, NO2, PM10, PM2.5",35.825174,128.743217
하양읍,경북 경산시 하양읍 하양로 119-1기상청부지 지상,2021,도시대기,"SO2, CO, O3, NO2, PM10, PM2.5",35.912903,128.813758
상주시,경북 상주시 북천로 63북문동주민센터,2017,도시대기,"SO2, CO, O3, NO2, PM10, PM2.5",36.428917,128.157757
봉암동,경남 창원시 마산회원구 봉양로 148봉암동 주민센터 (봉암동),1995,도시대기,"SO2, CO, O3, NO2, PM10, PM2.5",35.2178,128.6023
내서읍,경남 창원시 마산회원구 내서읍 광려로 8삼계근린공원 지상,2020,도시대기,"SO2, CO, O3, NO2, PM10, PM2.5",35.2258303611,128.50325827
대송동,울산 동구 대송5길 10대송동주민센터 옥상,1999,도시대기,"SO2, CO, O3, NO2, PM10, PM2.5",35.503138,129.418334
성남동,울산 중구 새즈믄해거리 28농협 성남동 지점,1983,도시대기,"SO2, CO, O3, NO2, PM10, PM2.5",35.556277,129.320451
부곡동(울산),울산 남구 처용로 260-37대경기계기술,2000,도시대기,"SO2, CO, O3, NO2, PM10, PM2.5",35.497129,129.338806
여천동(울산),울산 남구 부두로 9현대자동차 엔진공장,1983,도시대기,"SO2, CO, O3, NO2, PM10, PM2.5",35.515703,129.35892
야음동,울산 남구 대암로 90번길 27울산세관,1986,도시대기,"SO2, CO, O3, NO2, PM10, PM2.5",35.528793,129.326001
삼산동,울산 남구 삼산중로 131번길 36삼산동 주민센터 옥상,2000,도시대기,"SO2, CO, O3, NO2, PM10, PM2.5",35.544442,129.331878
신정로,울산 남구 신정2동(문수로)1674(436 학성고등학교),1999,도로변대기,"SO2, CO, O3, NO2, PM10, PM2.5",35.533314,129.301215
신정동,울산 남구 봉월로 20번길 9신정2동주민센터 옥상,1993,도시대기,"SO2, CO, O3, NO2, PM10, PM2.5",35.534671,129.307806
덕신리,울산광역시 울주군 온산읍 덕신로 229고려아연(주) 사택 주차장,1993,도시대기,"SO2, CO, O3, NO2, PM10, PM2.5",35.43445,129.30651
무거동,울산 남구 대학로 147번길 38무거동주민센터,1999,도시대기,"SO2, CO, O3, NO2, PM10, PM2.5",35.5509,129.260827
효문동,울산 북구 염포로 290효문배수펌프장 옥상,2005,도시대기,"SO2, CO, O3, NO2, PM10, PM2.5",35.560301,129.370866
상봉동,경남 진주시 북장대로64번길 14중앙119안전센터 옥상 (봉곡동),1995,도시대기,"SO2, CO, O3, NO2, PM10, PM2.5",35.195891,128.074596
대안동,경남 진주시 진주대로 1052(중소기업은행),1997,도시대기,"SO2, CO, O3, NO2, PM10, PM2.5",35.193333,128.084167
상대동(진주),경남 진주시 동진로 279(한국전력공사 진주지점),1998,도시대기,"SO2, CO, O3, NO2, PM10, PM2.5",35.180609,128.121781
정촌면,경남 진주시 정촌면 예하리 1340예하초등학교 앞 공원 지상,2020,도시대기,"SO2, CO, O3, NO2, PM10, PM2.5",35.1246016667,128.09992247
명서동,경남 창원시 의창구 우곡로101번길 28명서2동 민원센터 (명서동),1993,도시대기,"SO2, CO, O3, NO2, PM10, PM2.5",35.243402,128.641756
웅남동,경남 창원시 성산구 공단로 303(효성굿스프링스),1999,도시대기,"SO2, CO, O3, NO2, PM10, PM2.5",35.217333,128.656617
성주동,경남 창원시 성산구 외리로14번길 18성주민원센터,1997,도시대기,"SO2, CO, O3, NO2, PM10, PM2.5",35.1993934,128.7108707
용지동,경남 창원시 의창구 용지로 239번길 19-4(용지동 주민센터),2007,도시대기,"SO2, CO, O3, NO2, PM10, PM2.5",35.236111,128.683889
반송로,경남 창원시 의창구 원이대로 450(시설관리공단 실내수영장 앞),2008,도로변대기,"SO2, CO, O3, NO2, PM10, PM2.5",35.2341412,128.6646236
사파동,경남 창원시 성산구 창이대로 706번길 16-23(사파민원센터),2009,도시대기,"SO2, CO, O3, NO2, PM10, PM2.5",35.221729,128.69825
경화동,경남 창원시 진해구 경화로16번길 31(병암동주민센터),1994,도시대기,"SO2, CO, O3, NO2, PM10, PM2.5",35.154972,128.689578
월영동,경남 창원시 마산합포구 월영동16길 22마산합포구도서관 옥상 (해운동),2019,도시대기,"SO2, CO, O3, NO2, PM10, PM2.5",35.183108,128.560665
하동읍,경남 하동군 하동읍 군청로 23(하동군청),2007,도시대기,"SO2, CO, O3, NO2, PM10, PM2.5",35.066944,127.751389
금성면,경남 하동군 금성면 금성중앙길 14금성꿈나무어린이집 옥상,2021,도시대기,"SO2, CO, O3, NO2, PM10, PM2.5",34.965927,127.794191
동상동,경남 김해시 호계로 517번길 8(동상동 주민센터),1995,도시대기,"SO2, CO, O3, NO2, PM10, PM2.5",35.236667,128.883333
삼방동,경남 김해시 활천로 303(신어초등학교),2003,도시대기,"SO2, CO, O3, NO2, PM10, PM2.5",35.243889,128.912222
장유동,경남 김해시 장유동 능동로 149(장유건강지원센터),2013,도시대기,"SO2, CO, O3, NO2, PM10, PM2.5",35.202364,128.807221
진영읍,경남 김해시 진영읍 김해대로365번길 6-24진영건강증진센터 옥상,2019,도시대기,"SO2, CO, O3, NO2, PM10, PM2.5",35.3077015,128.7311228
김해대로,경남 김해시 김해대로 2515인제대역 환승주차장 (삼정동),2021,도로변대기,"SO2, CO, O3, NO2, PM10, PM2.5",35.227745,128.901042
저구리,경남 거제시 남부면 저구리산 116번지,1999,교외대기,"SO2, CO, O3, NO2, PM10, PM2.5",34.71005,128.58745
아주동,경남 거제시 아주동 산164-1거제시 옥포 유해대기측정소,2020,도시대기,"SO2, CO, O3, NO2, PM10, PM2.5",34.863611,128.690278
고현동,경남 거제시 계룡로 125거제시청 옥상 (고현동),2020,도시대기,"SO2, CO, O3, NO2, PM10, PM2.5",34.88053905,128.62112946
사천읍,경남 사천시 사천읍 읍내로 52(사천읍사무소),2013,도시대기,"SO2, CO, O3, NO2, PM10, PM2.5",35.082551,128.091236
향촌동,경남 사천시 향촌5길 28향촌동행정복지센터 옥상 (향촌동),2020,도시대기,"SO2, CO, O3, NO2, PM10, PM2.5",34.9337038611,128.09344675
대산면,경남 창원시 의창구 대산면 갈전로99번길 100,2008,교외대기,"SO2, CO, O3, NO2, PM10, PM2.5",35.371633,128.676483
북부동,경남 양산시 북안남5길 21중앙동주민센터 (북부동),1999,도시대기,"SO2, CO, O3, NO2, PM10, PM2.5",35.345556,129.04
삼호동,경남 양산시 삼호9길 11웅상노인복지회관 (삼호동),2004,도시대기,"SO2, CO, O3, NO2, PM10, PM2.5",35.414667,129.172083
물금읍,경남 양산시 물금읍 황산로 384물금읍행정복지센터 옥상,2020,도시대기,"SO2, CO, O3, NO2, PM10, PM2.5",35.310414,128.987347
화산리,울산 울주군 온산읍 산암로 94풍산금속 야외 주차장,1986,도시대기,"SO2, CO, O3, NO2, PM10, PM2.5",35.438115,129.336917
상남리,울산 울주군 청량면 신덕하3길 5청량면사무소 옥상,1986,도시대기,"SO2, CO, O3, NO2, PM10, PM2.5",35.49325,129.305696
농소동,울산광역시 북구 호수중앙로 14농소운동장 주차장 (창평동),2003,도시대기,"SO2, CO, O3, NO2, PM10, PM2.5",35.62088,129.35796
삼남읍,울산광역시 울주군 삼남읍 서향교1길 67-12울주군보건소 옥상,2013,도시대기,"SO2, CO, O3, NO2, PM10, PM2.5",35.558304,129.113942
약사동,울산 중구 종가로 560약사고등학교,2017,도시대기,"SO2, CO, O3, NO2, PM10, PM2.5",35.573312,129.335655
오창읍,충북 청주시 청원구 오창읍 오창대로 197오창중앙공원내,2010,도시대기,"SO2, CO, O3, NO2, PM10, PM2.5",36.713311,127.420517
산남동,충북 청주시 서원구 원흥로 81청주지방법원 옆 주차장 지상 (산남동),2018,도시대기,"SO2, CO, O3, NO2, PM10, PM2.5",36.6132262,127.4686138
오송읍,충북 청주시 흥덕구 오송읍 오송생명로 150오송읍 사무소 별관 지상,2018,도시대기,"SO2, CO, O3, NO2, PM10, PM2.5",36.6313584,127.3294723
가덕면,충북 청주시 상당구 가덕면 보청대로 4650가덕면사무소 앞쪽 부지,,도시대기,"SO2, CO, O3, NO2, PM10, PM2.5",36.553449,127.546407
매포읍,"충북 단양군 매포읍 평동리 1274(평동33길 3),(매포 보건지소 마당)매포보건지소 지상",2011,도시대기,"SO2, CO, O3, NO2, PM10, PM2.5",37.0334,128.2957
단성면,충북 단양군 단성면 충혼로 52-1단성보건지소 주차장(지면),2019,도시대기,"SO2, CO, O3, NO2, PM10, PM2.5",36.93885,128.32028
단양읍,충북 단양군 단양읍 별곡6길 26공설운동장 공중화장실 옥상,2019,도시대기,"SO2, CO, O3, NO2, PM10, PM2.5",36.987924,128.364813
청천면,충북 괴산군 청천면 송문로 덕평길54-13(덕평민원봉사실),2001,교외대기,"SO2, CO, O3, NO2, PM10, PM2.5",36.730926,127.804682
괴산읍,충북 괴산군 괴산읍 서부리 377-1반석아파트 앞 지상,2018,도시대기,"SO2, CO, O3, NO2, PM10, PM2.5",36.8075573,127.789237
감물면,충북 괴산군 감물면 충민로신대길 13감물면사무소 지상,,도시대기,"SO2, CO, O3, NO2, PM10, PM2.5",36.166203,127.875173
진천읍,충북 진천군 진천읍 상산로 65 읍내리 370-1진천읍사무소 옥상,2016,도시대기,"SO2, CO, O3, NO2, PM10, PM2.5",36.8550153,127.4413124
덕산읍,충북 진천군 덕산읍 대월로 90혁신도시공원 관리사무소 옥상,,도시대기,"SO2, CO, O3, NO2, PM10, PM2.5",36.904796,127.544593
금왕,충북 음성군 금왕읍 무극로370 (금왕공설운동장내),2017,교외대기,"SO2, CO, O3, NO2, PM10, PM2.5",36.994135,127.604512
음성읍,충북 음성군 음성읍 중앙로 49읍성보건소 옥상,2018,도시대기,"SO2, CO, O3, NO2, PM10, PM2.5",36.928577,127.6886158
소이면,충북 음성군 소이면 소이로 409소이면전천후게이트볼장 공터,,도시대기,"SO2, CO, O3, NO2, PM10, PM2.5",36.923449,127.75545
영동읍,충북 영동군 영동읍 계산로2길 25레인보우도서관 옥상,2018,도시대기,"SO2, CO, O3, NO2, PM10, PM2.5",36.172773,127.777839
도안면,충북 증평군 도안면 문화마을길 8도안면사무소 옥상,2018,도시대기,"SO2, CO, O3, NO2, PM10, PM2.5",36.813261,127.615808
증평읍,충북 증평군 증평읍 남하용강로 16증평자전거공원 내 부지,2021,도시대기,"SO2, CO, O3, NO2, PM10, PM2.5",36.767778,127.605
보은읍,충북 보은군 보은읍 삼산로 50보은읍 행정복지센터 옥상,2018,도시대기,"SO2, CO, O3, NO2, PM10, PM2.5",36.4834401,127.7168474
옥천읍,충북 옥천군 옥천읍 중앙로 99(옥천군청 통합관제 센터 옥상)옥천군청 통합관제 센터 옥상,2017,도시대기,"SO2, CO, O3, NO2, PM10, PM2.5",36.305084,127.570789
삼천동,전북 전주시 완산구 용리로 107삼천도서관 옥상,2006,도시대기,"SO2, CO, O3, NO2, PM10, PM2.5",35.798946,127.121698
팔복동,전북 전주시 덕진구 서귀로 107청소년자유센터 옥상 (팔복동3가),1997,도시대기,"SO2, CO, O3, NO2, PM10, PM2.5",35.851533,127.087
송천동,전북 전주시 덕진구 동부대로 1183전주시 농수산물도매시장 관리동 (송천동2가),2018,도시대기,"SO2, CO, O3, NO2, PM10, PM2.5",35.867398,127.117517
서신동,전북 전주시 완산구 백제대로 450통일광장사거리 교통섬 (서신동),2003,도로변대기,"SO2, CO, NO2, PM10, PM2.5",35.833725,127.122751
혁신동,전북 전주시 덕진구 중동로 150공원 내 (장동),2019,도시대기,"SO2, CO, O3, NO2, PM10, PM2.5",35.846502,127.062725
신풍동(군산),전북 군산시 대학로 215신풍동주민센터 옥상 (문화동),1999,도시대기,"SO2, CO, O3, NO2, PM10, PM2.5",35.97285,126.700733
소룡동,전북 군산시 외항1길 222. (롯데주류) 3층옥상롯데주류,2008,도시대기,"SO2, CO, O3, NO2, PM10, PM2.5",35.973333,126.651417
개정동,전북 군산시 번영로 339-5개정동주민센터 (개정동),1997,도시대기,"SO2, CO, O3, NO2, PM10, PM2.5",35.964433,126.754533
옥산면,전북 군산시 옥산면 산성로 200옥산면사무소 옥상,2019,도시대기,"SO2, CO, O3, NO2, PM10, PM2.5",35.93937,126.74836
비응도동,전북 군산시 새만금북로 43비응 119 안전센터 옥상 (비응도동),2019,도시대기,"SO2, CO, O3, NO2, PM10, PM2.5",35.94904,126.58341
말도,전북 군산시 옥도면 말도2길 29말도 항로표지관리소,2020,국가배경농도,"PM10, PM2.5",35.858226,126.315328
소룡동2,전북 군산시 동장산2길 6자동차융합기술원 연구실험동 옥상 (소룡동),2021,도시대기,"SO2, CO, O3, NO2, PM10, PM2.5",35.959167,126.596692
삼기면,전북 익산시 삼기면 황금로 513삼기면 행정복지센터 옥상,2019,도시대기,"SO2, CO, O3, NO2, PM10, PM2.5",36.0202555,126.9838398
팔봉동,전북 익산시 무왕로 1338. 익산소방서옥상,2004,도시대기,"SO2, CO, O3, NO2, PM10, PM2.5",35.961633,127.004233
모현동,전북 익산시 배산로 189-10익산시 청소년문화의 집 옥상,2021,도시대기,"SO2, CO, O3, NO2, PM10, PM2.5",35.9546,126.9414
용동면,전북 익산시 용동면 용동1길 80-4용동복지회관 옥상,2019,도시대기,"SO2, CO, O3, NO2, PM10, PM2.5",36.1097343,126.9915668
함열읍,전북 익산시 함열읍 함열중앙로 83익산시청 북부청사 옥상,2019,도시대기,"SO2, CO, O3, NO2, PM10, PM2.5",36.07865,126.96658
춘포면,전북 익산시 춘포면 춘포2길 11춘포보건지소 옥상,,도시대기,"SO2, CO, O3, NO2, PM10, PM2.5",35.90103,127.005272
여산면,전북 익산시 여산면 가람로 393여산보건지소 옥상,,도시대기,"SO2, CO, O3, NO2, PM10, PM2.5",36.059713,127.08331
연지동,전북 정읍시 조곡천1길 7. 여성문화관 옥상,2005,도시대기,"SO2, CO, O3, NO2, PM10, PM2.5",35.568445,126.845886
신태인,전북 정읍시 신태인읍 신태인중앙로 14신태인읍사무소,2018,도시대기,"SO2, CO, O3, NO2, PM10, PM2.5",35.688012,126.886775
영파동,전북 정읍시 영파동 232-1정읍 공공하수처리시설 옥상 (영파동),2021,도시대기,"SO2, CO, O3, NO2, PM10, PM2.5",35.608889,126.852778
죽항동,전북 남원시 비석길 72죽항동주민센터 옥상 (죽항동),2002,도시대기,"SO2, CO, O3, NO2, PM10, PM2.5",35.409278,127.384754
운봉읍,전북 남원시 운봉읍 황산로 1083운봉읍 행정복지센터 옥상,,도시대기,"SO2, CO, O3, NO2, PM10, PM2.5",35.439481,127.529153
고창읍,전북 고창군 고창읍 월곡공원1길 36고창군여성회관,2010,도시대기,"SO2, CO, O3, NO2, PM10, PM2.5",35.438094,126.71279
심원면,전북 고창군 심원면 심원로 211심원면사무소,2018,도시대기,"SO2, CO, O3, NO2, PM10, PM2.5",35.5241766,126.5508918
부안읍,전북 부안군 행안면 변산로 16농업인 회관,2015,도시대기,"SO2, CO, O3, NO2, PM10, PM2.5",35.724299,126.734415
새만금,전북 부안군 변산면 새만금로470(가력배수갑문관리소내),2017,교외대기,"SO2, CO, O3, NO2, PM10, PM2.5",35.6971,126.55916
계화면,전북 부안군 계화면 간재로 405계화면사무소 옥상,2020,도시대기,"SO2, CO, O3, NO2, PM10, PM2.5",35.761674,126.698103
요촌동,전북 김제시 요촌중길 50요촌동 주민센터 옥상,2015,도시대기,"SO2, CO, O3, NO2, PM10, PM2.5",35.80491,126.891416
고산면,전북 완주군 고산면 고산로 69-13고산면주민자치센터 옥상,2017,도시대기,"SO2, CO, O3, NO2, PM10, PM2.5",35.976403,127.205523
봉동읍,전북 완주군 봉동읍 삼봉로 9333층 옥외광장,2019,도시대기,"SO2, CO, O3, NO2, PM10, PM2.5",35.941567,127.165783
구이면,전북 완주군 구이면 덕천전원길 232-58술테마박물관 부지,2020,도시대기,"SO2, CO, O3, NO2, PM10, PM2.5",35.728611,127.136111
진안읍,전북 진안군 진안읍 진무로 1189진안군 보건소 옥상,2017,도시대기,"SO2, CO, O3, NO2, PM10, PM2.5",35.797189,127.434893
운암면,전북 임실군 운암면 선거리51-10,2000,교외대기,"SO2, CO, O3, NO2, PM10, PM2.5",35.610533,127.186217
임실읍,전북 임실군 임실읍 운수로 33-50청소년문화의집 옥상,2018,도시대기,"SO2, CO, O3, NO2, PM10, PM2.5",35.614526,127.286329
관촌면,전북 임실군 관촌면 사선1길 13관촌면 행정복지센터 옥상,2020,도시대기,"SO2, CO, O3, NO2, PM10, PM2.5",35.673703,127.270625
무주읍,전북 무주군 무주읍 향학로 49무주읍사무소 옥상,2018,도시대기,"SO2, CO, O3, NO2, PM10, PM2.5",36.008716,127.662077
순창읍,전북 순창군 순창읍 경천로 33순창군청 3층 옥상,2018,도시대기,"SO2, CO, O3, NO2, PM10, PM2.5",35.3744761,127.1373331
장수읍,전북 장수군 장수읍 호비로 10장수군청 옥상,2018,도시대기,"SO2, CO, O3, NO2, PM10, PM2.5",35.6473136,127.5211775
서천읍,충남 서천군 서천읍 서천로14번길 20서천읍 문예의전당 주차장,2017,도시대기,"SO2, CO, O3, NO2, PM10, PM2.5",36.076309,126.698383
서면,충남 서천군 서면 서인로 761서면보건지소옥상,2017,도시대기,"SO2, CO, O3, NO2, PM10, PM2.5",36.15287,126.549494
장항읍,"충남 서천군 장항읍 장산로 297한국철도시설공단 부지내, 공원로 지상 1층",2019,도시대기,"SO2, CO, O3, NO2, PM10, PM2.5",36.0082698,126.6931231
청송읍,경북 청송군 청송읍 금월로 230청송군 영농일자리지원센터 옥상,2020,도시대기,"SO2, CO, O3, NO2, PM10, PM2.5",36.429289,129.056178
군산항,전북 군산시 서해로 194항만관리실 옥상,2020,항만,"SO2, CO, O3, NO2, PM10, PM2.5",35.974693,126.58676
신흥,인천 중구 서해대로 471(신흥동 2가)인천보건환경연구원 옥상,,도시대기,"SO2, CO, O3, NO2, PM10, PM2.5",37.468333,126.635
서해,인천광역시 중구 서해대로 365-1(항동7가),2019,도로변대기,"SO2, CO, O3, NO2, PM10, PM2.5",37.460709,126.631266
영종,인천광역시 중구 하늘중앙로 132영종하늘도서관 옥상 (중산동),2020,도시대기,"SO2, CO, O3, NO2, PM10, PM2.5",37.494835,126.563919
송림,인천 동구 금곡로 67(송림동)동구의회 옥상,,도시대기,"SO2, CO, O3, NO2, PM10, PM2.5",37.473818,126.643199
구월동,인천 남동구 구월말로 7(구월동)구월4동 행정복지센터 옥상,,도시대기,"SO2, CO, O3, NO2, PM10, PM2.5",37.449722,126.724167
숭의,인천 미추홀구 독정안길 26용정초등학교,,도시대기,"SO2, CO, O3, NO2, PM10, PM2.5",37.4725,126.6686
석바위,인천 미추홀구 주안6동1587(석바위 삼거리),,도로변대기,"SO2, CO, O3, NO2, PM10, PM2.5",37.457778,126.690833
부평역,인천 부평구 광장로 지하15(부평동)부평역 7번 출구,2021,도로변대기,"SO2, CO, O3, NO2, PM10, PM2.5",37.482874,126.704943
남동,인천광역시 남동구 남동대로 668(구월동 1544) 경관녹지 1호,,도로변대기,"SO2, CO, O3, NO2, PM10, PM2.5",37.441164,126.706817
주안,인천광역시 미추홀구 구월남로 27주안도서관 옥상 (주안동),2020,도시대기,"SO2, CO, O3, NO2, PM10, PM2.5",37.455474,126.692888
부평,인천 부평구 부평대로88번길 19(부평동)인천부평동초등학교 옥상,,도시대기,"SO2, CO, O3, NO2, PM10, PM2.5",37.4903861,126.7236421
연희,인천 서구 심곡로 98(심곡동)인천광역시 인재개발원 옥상,,도시대기,"SO2, CO, O3, NO2, PM10, PM2.5",37.545556,126.675833
검단,인천 서구 검단로502번길 15(마전동)검단출장소 옥상,,도시대기,"SO2, CO, O3, NO2, PM10, PM2.5",37.602041,126.661444
중봉,인천광역시 서구 중봉대로 274북항배후단지 제1호 완충녹지 (석남동),2020,도로변대기,"SO2, CO, O3, NO2, PM10, PM2.5",37.50353,126.64794
계산,인천 계양구 계양산로134번길 18(계산동)계양도서관 옥상,,도시대기,"SO2, CO, O3, NO2, PM10, PM2.5",37.546111,126.730278
고잔,인천 남동구 은봉로 82인천지방중소벤처기업청옥상,,도시대기,"SO2, CO, O3, NO2, PM10, PM2.5",37.404839,126.697158
서창,인천광역시 남동구 서창남로 101서창어울근린공원 지장 (서창동),2020,도시대기,"SO2, CO, O3, NO2, PM10, PM2.5",37.4274,126.7461
석남,인천 서구 거북로 116(석남동)석남2동 행정복지센터 옥상,,도시대기,"SO2, CO, O3, NO2, PM10, PM2.5",37.502778,126.674722
송해,인천 강화군 송해면 전망대로 29(솔정리)송해면사무소 옥상,,도시대기,"SO2, CO, O3, NO2, PM10, PM2.5",37.764444,126.463333
동춘,인천 연수구 원인재로 115(동춘동)연수구의회 옥상,,도시대기,"SO2, CO, O3, NO2, PM10, PM2.5",37.409493,126.678309
운서,인천 중구 영종대로 85(운서동)영종도서관 옥상,,도시대기,"SO2, CO, O3, NO2, PM10, PM2.5",37.49659,126.487769
송현,인천 동구 수문통로 77송현도로변측정소,,도로변대기,"SO2, CO, O3, NO2, PM10, PM2.5",37.480664,126.63582
논현,인천 남동구 청능대로611번길 54(논현동)근린공원,,도시대기,"SO2, CO, O3, NO2, PM10, PM2.5",37.404167,126.726111
청라,인천 서구 크리스탈로 131수질정화시설관리동 2층 옥상,,도시대기,"SO2, CO, O3, NO2, PM10, PM2.5",37.537745,126.63879
송도,인천 연수구 갯벌로 12테크노파크 3층 옥상,,도시대기,"SO2, CO, O3, NO2, PM10, PM2.5",37.382084,126.654663
아암,인천광역시 연수구 센트럴로 350송도달빛축제공원 지장 (송도동),2020,도시대기,"SO2, CO, O3, NO2, PM10, PM2.5",37.40508,126.63227
원당,인천 서구 고산후로121번길 7(원당동)검단선사박물관 옥상,,도시대기,"SO2, CO, O3, NO2, PM10, PM2.5",37.5941,126.6986
길상,인천 강화군 길상면 강화동로 15-1길상면보건지소 2층,2019,도시대기,"SO2, CO, O3, NO2, PM10, PM2.5",37.640887,126.490972
삼산,인천 부평구 충선로 262시냇물공원 (삼산동),2019,도시대기,"SO2, CO, O3, NO2, PM10, PM2.5",37.51279,126.73643
경인항,인천 서구 오류동 경인항인천컨테이너 부두 내,,항만,"SO2, CO, O3, NO2, PM10, PM2.5",37.566459,126.595122
인천항,인천 중구 항동7가 1-48내항 24호 창고 앞 부지,,항만,"SO2, CO, O3, NO2, PM10, PM2.5",37.463043,126.624209
소사본동,경기 부천시 경인옛로 73소사어울마당 소향관,1986,도시대기,"SO2, CO, O3, NO2, PM10, PM2.5",37.4800328,126.7999056
내동,경기 부천시 삼작로 109신흥동주민센터 앞 도로변,1986,도시대기,"SO2, CO, O3, NO2, PM10, PM2.5",37.5203,126.7737
중2동,경기 부천시 심중로 121책마루도서관,1998,도시대기,"SO2, CO, O3, NO2, PM10, PM2.5",37.4939,126.7701
오정동,경기 부천시 성오로 172오정어울마당 아트홀,2000,도시대기,"SO2, CO, O3, NO2, PM10, PM2.5",37.5278,126.7967
송내대로(중동),경기 부천시 송내대로 262계남공원,2004,도로변대기,"SO2, CO, O3, NO2, PM10, PM2.5",37.5056,126.759
석모리,인천 강화군 삼산면 석모리347-4(해병 1935부대),1997,교외대기,"SO2, CO, O3, NO2, PM10, PM2.5",37.70805,126.28135
덕적도,인천 옹진군 덕적면 진리산 35-4번지,2007,교외대기,"SO2, CO, O3, NO2, PM10, PM2.5",37.233041,126.149272
백령도,인천 옹진군 백령면 연화리산241-2,2012,국가배경농도,"SO2, CO, O3, NO2, PM10, PM2.5",37.938413,124.645669
영흥,인천광역시 옹진군 영흥면 영흥로251번길 90영흥 면사무소 2층 옥상 (영흥면사무소),2019,도시대기,"SO2, CO, O3, NO2, PM10, PM2.5",37.255942,126.483536
연평도,인천 옹진군 연평면 연평리 631하나회관 옥상,2020,국가배경농도,"SO2, CO, O3, NO2, PM10, PM2.5",37.652788,125.652904
울도,"인천 옹진군 덕적면 울도리 85번지사유지, 이형노",2020,국가배경농도,"SO2, CO, O3, NO2, PM10, PM2.5",37.033578,125.996225
파도리,충남 태안군 소원면 파도길51-19,1994,교외대기,"SO2, CO, O3, NO2, PM10, PM2.5",36.736316,126.132168
이원면,충남 태안군 이원면 분지길14 (이원면사무소 1층 나동 옥상),2017,도시대기,"SO2, CO, O3, NO2, PM10, PM2.5",36.869739,126.280761
태안읍,충남 태안군 태안읍 군청6길태안군장애인복지관,2017,도시대기,"SO2, CO, O3, NO2, PM10, PM2.5",36.746709,126.301512
격렬비열도,충남 태안군 근흥면 가의도길 44-71번지서해종합기상관측소 옥상,2019,국가배경농도,PM2.5,36.62614,125.5579
원북면,충남 태안군 원북면 상리길 17-4원북면 보건지소 옥상,2020,도시대기,"SO2, CO, O3, NO2, PM10, PM2.5",36.824238,126.25722
예산군,충남 예산군 예산읍 신흥길 63(다목적 노인회관 옥상),2017,도시대기,"SO2, CO, O3, NO2, PM10, PM2.5",36.687115,126.832093
삽교읍,충남 예산군 삽교읍 두리3길 33삽교읍 행정복지센터 옥상,2021,도시대기,"SO2, CO, O3, NO2, PM10, PM2.5",36.688131,126.739314
대천2동,충남 보령시 중앙로 142-16(대천2동 주민센터 옥상),2017,도시대기,"SO2, CO, O3, NO2, PM10, PM2.5",36.353251,126.589768
주교면,충남 보령시 주교면 울계큰길 396주교면사무소 옥상,2018,도시대기,"SO2, CO, O3, NO2, PM10, PM2.5",36.390845,126.569444
외연도,충남 보령시 오천면 외연도리 산64헬기장 옆부지,2020,국가배경농도,"SO2, CO, O3, NO2, PM10, PM2.5",36.229272,126.080791
홍성읍,충남 홍성군 홍성읍 내포로 136번길29 (느티나무 어린이집 옥상),2017,도시대기,"SO2, CO, O3, NO2, PM10, PM2.5",36.597702,126.655133
내포,충남 홍성군 홍북읍 홍예공원로 8충남보건환경연구원 부지내 1층,2019,도시대기,"SO2, CO, O3, NO2, PM10, PM2.5",36.6529558,126.6677018
금산읍,충남 금산군 금산읍 비호로 69금산읍사무소 별관 1층 옥상,2017,도시대기,"SO2, CO, O3, NO2, PM10, PM2.5",36.107179,127.490685
청양읍,충남 청양군 청양읍 칠갑산로7길 54(청양군 보건의료원 옥상),2017,도시대기,"SO2, CO, O3, NO2, PM10, PM2.5",36.455152,126.804931
정산면,충남 청양군 정산면 칠갑산로 1861정산커뮤니티센터,2020,도시대기,"SO2, CO, O3, NO2, PM10, PM2.5",36.41488,126.94505
엄사면,충남 계룡시 엄사면 번영7길 17엄사도서관 옥상,2017,도시대기,"SO2, CO, O3, NO2, PM10, PM2.5",36.286987,127.237919
평택당진항,충남 당진시 신평면 매산리 975서부두 방파제등대 옆,2019,항만,"SO2, CO, O3, NO2, PM10, PM2.5",36.930248,126.806683
대산항,충남 서산시 대산읍 대죽리 1114대산항 공원부지,2019,항만,"SO2, CO, O3, NO2, PM10, PM2.5",37.012575,126.426621
장항항,충남 서천군 장항읍 장산로 270-3장항해양수산사무소 옥상,2019,항만,"SO2, CO, O3, NO2, PM10, PM2.5",36.00799,126.690312
신흥동,세종 조치원읍 군청로 87-16(신흥동)세종특별자치시 조치원청사 옥상,2015,도시대기,"SO2, CO, O3, NO2, PM10, PM2.5",36.592906,127.292253
아름동,세종특별자치시 보듬3로 114아름동커뮤니티센터 옥상 (아름동),2014,도시대기,"SO2, CO, O3, NO2, PM10, PM2.5",36.51212,127.24643
한솔동,"세종특별자치시 누리로 27첫마을 6단지 관리사무소 옥상 (한솔동, 첫마을6단지)",2018,도시대기,"SO2, CO, O3, NO2, PM10, PM2.5",36.474172,127.252529
부강면,세종특별자치시 부강면 부강외천로 20문화복지회관 옥상,2018,도시대기,"SO2, CO, O3, NO2, PM10, PM2.5",36.527029,127.370516
보람동,세종특별자치시 한누리대로 2107보람종합복지센터 지상 (보람동),,도로변대기,"SO2, CO, O3, NO2, PM10, PM2.5",36.479917,127.292417
중앙동(강원),강원 원주시 충정길 12(학성동 206-6)중앙동주민센터 3층 옥상,1988,도시대기,"SO2, CO, O3, NO2, PM10, PM2.5",37.3528063,127.9475408
반곡동(명륜동),"강원도 원주시 배울로 215(반곡동 1816-2, 배울체육공원 지상) (반곡동)",1992,도시대기,"SO2, CO, O3, NO2, PM10, PM2.5",37.335732,127.976971
문막읍,강원도 원주시 문막읍 건등로 11문막읍행정복지센터 부지내 지상,2018,도시대기,"SO2, CO, O3, NO2, PM10, PM2.5",37.3125964,127.8171686
지정면,강원도 원주시 지정면 기업도시로 200원주의료기기테크노벨리 부지 내 주차장,,도시대기,"SO2, CO, O3, NO2, PM10, PM2.5",37.371944,127.875
옥천동,강원 강릉시 경강로 2179(옥천동 327-2)옥천동주민센터 2층 옥상,1995,도시대기,"SO2, CO, O3, NO2, PM10, PM2.5",37.7601328,128.9028489
천곡동,강원 동해시 천곡로 77(천곡동 806)동해시의회 2층 옥상,1996,도시대기,"SO2, CO, O3, NO2, PM10, PM2.5",37.5247935,129.1140452
남양동1,강원 삼척시 남양길 11(남양동 331-9)남양동주민센터 3층 옥상,2006,도시대기,"SO2, CO, O3, NO2, PM10, PM2.5",37.4425401,129.168344
평창읍,강원 평창군 평창읍 종부로 61(종부리 504)평창군보건의료원 2층 옥상,2017,도시대기,"SO2, CO, O3, NO2, PM10, PM2.5",37.3607189,128.3889413
북평면,강원 정선군 북평면 남평리412-1번지,2003,교외대기,"SO2, CO, O3, NO2, PM10, PM2.5",37.43005,128.664717
정선읍,강원도 정선군 정선읍 정선로 1331정선읍행정복지센터 옥상,2018,도시대기,"SO2, CO, O3, NO2, PM10, PM2.5",37.3797566,128.6611257
간성읍,강원 고성군 간성읍흘리 산 1-92(동원농산내 야산),1998,교외대기,"SO2, CO, O3, NO2, PM10, PM2.5",38.285319,128.390769
치악산,강원 횡성군 강림면 강림리(치악산)1538번지 강림면사무소 옥상,2007,교외대기,"SO2, CO, O3, NO2, PM10, PM2.5",37.360494,128.12555
횡성읍,강원도 횡성군 횡성읍 중앙로 30친환경급식지원센터,2018,도시대기,"SO2, CO, O3, NO2, PM10, PM2.5",37.4898188,127.9828934
상리,강원도 고성군 간성읍 수성로 160상리 측정소,2018,도시대기,"SO2, CO, O3, NO2, PM10, PM2.5",38.3807542,128.4635415
양양읍,강원도 양양군 양양읍 남문로 39양양군 군의회 옥상,2018,도시대기,"SO2, CO, O3, NO2, PM10, PM2.5",38.0752566,128.6181141
금호동,강원도 속초시 중앙시장로 43금호동주민센터 (중앙동),2018,도시대기,"SO2, CO, O3, NO2, PM10, PM2.5",38.2068718,128.5881299
갈말읍,강원도 철원군 갈말읍 삼부연로 51철원군청,2018,도시대기,"SO2, CO, O3, NO2, PM10, PM2.5",38.1466058,127.3124628
홍천읍,강원도 홍천군 홍천읍 연봉동로 27홍천기상관측소,2018,도시대기,"SO2, CO, O3, NO2, PM10, PM2.5",37.6837538,127.8800359
영월읍,강원도 영월군 영월읍 팔괴로 7-3능동배수펌프장 부지내 지상,2018,도시대기,"SO2, CO, O3, NO2, PM10, PM2.5",37.1725568,128.4551652
화천읍,강원도 화천군 화천읍 화천새싹길 45건설방재과 옥상,2018,도시대기,"SO2, CO, O3, NO2, PM10, PM2.5",38.1063175,127.7080039
황지동,강원도 태백시 태붐로 21태백시청 부지 내 지상 (황지동),2018,도시대기,"SO2, CO, O3, NO2, PM10, PM2.5",37.1626445,128.9867779
인제읍,강원도 인제군 인제읍 비봉로44번길 93인제군기상관측소,2019,도시대기,"SO2, CO, O3, NO2, PM10, PM2.5",38.0601472,128.1665652
호암동,충북 충주시 호암동 562(충주시 청소년수련원 옥상)(중원대로 3324)청소년수련원 옥상,1988,도시대기,"SO2, CO, O3, NO2, PM10, PM2.5",36.964567,127.926158
칠금동,충북 충주시 칠금동 874번지(칠금동 주민센터 옥상)(칠금 중랑로 37)칠금금릉동 주민센터 옥상,2006,도시대기,"SO2, CO, O3, NO2, PM10, PM2.5",36.982086,127.919206
중앙탑면,충북 충주시 중앙탑면 기업도시로 237서충주 국공립어린이집 측면부지,,도시대기,"SO2, CO, O3, NO2, PM10, PM2.5",37.010228,127.81517
살미면,충북 충주시 살미면 세성양지말길 41살미면 행정복지센터 주차장 옆,,도시대기,"SO2, CO, O3, NO2, PM10, PM2.5",36.905231,127.964141
장락동,"충북 제천시 장락동 672-8(내제로 318),(시립도서관 주차장 옆, 화단)의병도서관 지상",1991,도시대기,"SO2, CO, O3, NO2, PM10, PM2.5",37.145137,128.220664
영천동,충북 제천시 청풍호로8길 7비점오염원 관리시설 뒤편 공터 (영천동),,도시대기,"SO2, CO, O3, NO2, PM10, PM2.5",37.125508,128.198426
청풍면,충북 제천시 청풍면 청풍호로 2115청풍면행정복지센터 옆쪽 공터,,도시대기,"SO2, CO, O3, NO2, PM10, PM2.5",37,128.1675
